admin_id,msme_estimated_count,msme_per_1000_people,msme_density_per_km2,income_per_capita_estimate,gddp_share_estimate_crore,employment_capacity_index,econ_source,econ_source_level,econ_allocation,econ_data_year,econ_is_estimate,econ_population_imputed
C07003,21202.0,77.28,214.8,313431.0,21388.89,0.9639,"Kerala Ecostat and Ministry of MSME, district figures",1,pop 0.65 + activity 0.35; income spread +/-30%,2024,1,0
G06014,1122.0,,9.8,184571.0,1131.92,0.0412,"Kerala Ecostat and Ministry of MSME, district figures",1,pop 0.65 + activity 0.35; income spread +/-30%,2024,1,1
G07062,1160.0,46.78,2.3,182923.0,1169.83,0.2728,"Kerala Ecostat and Ministry of MSME, district figures",1,pop 0.65 + activity 0.35; income spread +/-30%,2024,1,0
G07014,681.0,47.78,2.8,189192.0,687.08,0.0948,"Kerala Ecostat and Ministry of MSME, district figures",1,pop 0.65 + activity 0.35; income spread +/-30%,2024,1,0
G07057,1132.0,,15.9,187124.0,1141.96,0.0722,"Kerala Ecostat and Ministry of MSME, district figures",1,pop 0.65 + activity 0.35; income spread +/-30%,2024,1,1
G07059,584.0,47.64,15.8,188081.0,588.66,0.0732,"Kerala Ecostat and Ministry of MSME, district figures",1,pop 0.65 + activity 0.35; income spread +/-30%,2024,1,0
G07056,635.0,50.74,25.9,207449.0,641.02,0.1215,"Kerala Ecostat and Ministry of MSME, district figures",1,pop 0.65 + activity 0.35; income spread +/-30%,2024,1,0
G07063,668.0,49.44,22.3,199087.0,673.4,0.1239,"Kerala Ecostat and Ministry of MSME, district figures",1,pop 0.65 + activity 0.35; income spread +/-30%,2024,1,0
G07020,534.0,48.72,9.2,194695.0,538.33,0.0366,"Kerala Ecostat and Ministry of MSME, district figures",1,pop 0.65 + activity 0.35; income spread +/-30%,2024,1,0
G07022,1576.0,53.72,52.1,225437.0,1589.63,0.5564,"Kerala Ecostat and Ministry of MSME, district figures",1,pop 0.65 + activity 0.35; income spread +/-30%,2024,1,0
G07019,1255.0,,56.4,218790.0,1266.52,0.4948,"Kerala Ecostat and Ministry of MSME, district figures",1,pop 0.65 + activity 0.35; income spread +/-30%,2024,1,1
G07017,1198.0,,32.9,203979.0,1208.26,0.1856,"Kerala Ecostat and Ministry of MSME, district figures",1,pop 0.65 + activity 0.35; income spread +/-30%,2024,1,1
G10095,1219.0,59.81,73.2,262911.0,1230.14,0.4633,"Kerala Ecostat and Ministry of MSME, district figures",1,pop 0.65 + activity 0.35; income spread +/-30%,2024,1,0
G07012,863.0,56.36,83.0,241536.0,870.27,0.4098,"Kerala Ecostat and Ministry of MSME, district figures",1,pop 0.65 + activity 0.35; income spread +/-30%,2024,1,0
G04010,1296.0,56.88,80.6,244843.0,1307.48,0.5243,"Kerala Ecostat and Ministry of MSME, district figures",1,pop 0.65 + activity 0.35; income spread +/-30%,2024,1,0
G07010,1031.0,54.24,46.1,228809.0,1040.5,0.3462,"Kerala Ecostat and Ministry of MSME, district figures",1,pop 0.65 + activity 0.35; income spread +/-30%,2024,1,0
G07013,1577.0,56.17,57.8,240554.0,1591.18,0.5695,"Kerala Ecostat and Ministry of MSME, district figures",1,pop 0.65 + activity 0.35; income spread +/-30%,2024,1,0
G07073,1796.0,58.38,78.2,253896.0,1811.31,0.6689,"Kerala Ecostat and Ministry of MSME, district figures",1,pop 0.65 + activity 0.35; income spread +/-30%,2024,1,0
M07028,2223.0,66.43,106.2,281551.0,2242.77,0.7782,"Kerala Ecostat and Ministry of MSME, district figures",1,pop 0.65 + activity 0.35; income spread +/-30%,2024,1,0
G07072,1820.0,61.27,79.4,271759.0,1836.39,0.653,"Kerala Ecostat and Ministry of MSME, district figures",1,pop 0.65 + activity 0.35; income spread +/-30%,2024,1,0
G07075,1518.0,,99.8,286207.0,1531.7,0.6804,"Kerala Ecostat and Ministry of MSME, district figures",1,pop 0.65 + activity 0.35; income spread +/-30%,2024,1,1
G07071,1881.0,63.6,113.0,285905.0,1897.33,0.7129,"Kerala Ecostat and Ministry of MSME, district figures",1,pop 0.65 + activity 0.35; income spread +/-30%,2024,1,0
G07023,1403.0,,113.8,256585.0,1415.18,0.732,"Kerala Ecostat and Ministry of MSME, district figures",1,pop 0.65 + activity 0.35; income spread +/-30%,2024,1,1
M07024,1849.0,65.78,155.6,278166.0,1865.06,0.7363,"Kerala Ecostat and Ministry of MSME, district figures",1,pop 0.65 + activity 0.35; income spread +/-30%,2024,1,0
G07021,1532.0,55.63,41.9,237198.0,1545.39,0.449,"Kerala Ecostat and Ministry of MSME, district figures",1,pop 0.65 + activity 0.35; income spread +/-30%,2024,1,0
G07018,1238.0,,56.1,214193.0,1248.44,0.4845,"Kerala Ecostat and Ministry of MSME, district figures",1,pop 0.65 + activity 0.35; income spread +/-30%,2024,1,1
G07055,1259.0,,44.0,219811.0,1270.54,0.3093,"Kerala Ecostat and Ministry of MSME, district figures",1,pop 0.65 + activity 0.35; income spread +/-30%,2024,1,1
M07023,2111.0,54.36,54.9,219972.0,2129.63,0.6564,"Kerala Ecostat and Ministry of MSME, district figures",1,pop 0.65 + activity 0.35; income spread +/-30%,2024,1,0
G07058,942.0,49.93,45.7,202276.0,950.2,0.334,"Kerala Ecostat and Ministry of MSME, district figures",1,pop 0.65 + activity 0.35; income spread +/-30%,2024,1,0
G07061,1212.0,,94.3,207554.0,1222.32,0.6598,"Kerala Ecostat and Ministry of MSME, district figures",1,pop 0.65 + activity 0.35; income spread +/-30%,2024,1,1
G07060,983.0,50.91,50.2,208340.0,991.76,0.379,"Kerala Ecostat and Ministry of MSME, district figures",1,pop 0.65 + activity 0.35; income spread +/-30%,2024,1,0
G07054,1138.0,,35.1,188657.0,1147.99,0.2268,"Kerala Ecostat and Ministry of MSME, district figures",1,pop 0.65 + activity 0.35; income spread +/-30%,2024,1,1
G07080,634.0,49.11,22.4,197452.0,639.97,0.1079,"Kerala Ecostat and Ministry of MSME, district figures",1,pop 0.65 + activity 0.35; income spread +/-30%,2024,1,0
G07081,1186.0,,42.1,200914.0,1196.2,0.2887,"Kerala Ecostat and Ministry of MSME, district figures",1,pop 0.65 + activity 0.35; income spread +/-30%,2024,1,1
G07082,866.0,50.51,38.0,205890.0,873.69,0.2594,"Kerala Ecostat and Ministry of MSME, district figures",1,pop 0.65 + activity 0.35; income spread +/-30%,2024,1,0
G07077,1244.0,,63.1,215726.0,1254.46,0.5361,"Kerala Ecostat and Ministry of MSME, district figures",1,pop 0.65 + activity 0.35; income spread +/-30%,2024,1,1
M07022,1875.0,61.68,166.0,257365.0,1891.7,0.8011,"Kerala Ecostat and Ministry of MSME, district figures",1,pop 0.65 + activity 0.35; income spread +/-30%,2024,1,0
G07079,1250.0,,39.1,217258.0,1260.49,0.2577,"Kerala Ecostat and Ministry of MSME, district figures",1,pop 0.65 + activity 0.35; income spread +/-30%,2024,1,1
G07084,1200.0,,49.2,204489.0,1210.27,0.3814,"Kerala Ecostat and Ministry of MSME, district figures",1,pop 0.65 + activity 0.35; income spread +/-30%,2024,1,1
G07051,753.0,50.38,14.9,205178.0,759.88,0.1244,"Kerala Ecostat and Ministry of MSME, district figures",1,pop 0.65 + activity 0.35; income spread +/-30%,2024,1,0
G07026,1361.0,58.7,44.2,256019.0,1373.16,0.3992,"Kerala Ecostat and Ministry of MSME, district figures",1,pop 0.65 + activity 0.35; income spread +/-30%,2024,1,0
G07024,1885.0,57.65,52.6,249634.0,1902.02,0.6249,"Kerala Ecostat and Ministry of MSME, district figures",1,pop 0.65 + activity 0.35; income spread +/-30%,2024,1,0
G07025,1109.0,60.41,55.9,266526.0,1119.03,0.3991,"Kerala Ecostat and Ministry of MSME, district figures",1,pop 0.65 + activity 0.35; income spread +/-30%,2024,1,0
G07015,1411.0,,98.7,258628.0,1423.22,0.6701,"Kerala Ecostat and Ministry of MSME, district figures",1,pop 0.65 + activity 0.35; income spread +/-30%,2024,1,1
G07029,1530.0,,86.0,289272.0,1543.76,0.6186,"Kerala Ecostat and Ministry of MSME, district figures",1,pop 0.65 + activity 0.35; income spread +/-30%,2024,1,1
M07025,1644.0,73.3,269.1,316674.0,1658.94,0.7028,"Kerala Ecostat and Ministry of MSME, district figures",1,pop 0.65 + activity 0.35; income spread +/-30%,2024,1,0
G07074,933.0,56.78,46.8,244233.0,941.29,0.3001,"Kerala Ecostat and Ministry of MSME, district figures",1,pop 0.65 + activity 0.35; income spread +/-30%,2024,1,0
G07006,1812.0,60.8,93.5,268770.0,1827.82,0.6909,"Kerala Ecostat and Ministry of MSME, district figures",1,pop 0.65 + activity 0.35; income spread +/-30%,2024,1,0
G07076,1887.0,56.54,105.5,242760.0,1903.46,0.7609,"Kerala Ecostat and Ministry of MSME, district figures",1,pop 0.65 + activity 0.35; income spread +/-30%,2024,1,0
G07001,1845.0,62.91,164.1,281740.0,1861.16,0.7607,"Kerala Ecostat and Ministry of MSME, district figures",1,pop 0.65 + activity 0.35; income spread +/-30%,2024,1,0
M07027,2198.0,69.77,246.2,298530.0,2217.1,0.8634,"Kerala Ecostat and Ministry of MSME, district figures",1,pop 0.65 + activity 0.35; income spread +/-30%,2024,1,0
G07005,1367.0,,197.6,247391.0,1379.02,0.9072,"Kerala Ecostat and Ministry of MSME, district figures",1,pop 0.65 + activity 0.35; income spread +/-30%,2024,1,1
G07037,2003.0,61.97,140.4,275919.0,2020.21,0.8035,"Kerala Ecostat and Ministry of MSME, district figures",1,pop 0.65 + activity 0.35; income spread +/-30%,2024,1,0
G07002,2684.0,62.53,119.4,279431.0,2707.68,0.827,"Kerala Ecostat and Ministry of MSME, district figures",1,pop 0.65 + activity 0.35; income spread +/-30%,2024,1,0
G07038,1475.0,61.82,203.4,275023.0,1487.71,0.7123,"Kerala Ecostat and Ministry of MSME, district figures",1,pop 0.65 + activity 0.35; income spread +/-30%,2024,1,0
G07036,1341.0,61.55,132.5,273340.0,1352.52,0.6011,"Kerala Ecostat and Ministry of MSME, district figures",1,pop 0.65 + activity 0.35; income spread +/-30%,2024,1,0
G07035,1472.0,61.01,118.4,269995.0,1484.48,0.6317,"Kerala Ecostat and Ministry of MSME, district figures",1,pop 0.65 + activity 0.35; income spread +/-30%,2024,1,0
G07003,598.0,55.3,33.7,234965.0,602.85,0.1172,"Kerala Ecostat and Ministry of MSME, district figures",1,pop 0.65 + activity 0.35; income spread +/-30%,2024,1,0
G07008,3078.0,65.03,160.5,294726.0,3105.04,0.8894,"Kerala Ecostat and Ministry of MSME, district figures",1,pop 0.65 + activity 0.35; income spread +/-30%,2024,1,0
G07009,2542.0,64.09,140.8,288994.0,2564.81,0.8438,"Kerala Ecostat and Ministry of MSME, district figures",1,pop 0.65 + activity 0.35; income spread +/-30%,2024,1,0
G07034,1504.0,63.3,182.5,284076.0,1517.06,0.6949,"Kerala Ecostat and Ministry of MSME, district figures",1,pop 0.65 + activity 0.35; income spread +/-30%,2024,1,0
G07033,1700.0,62.97,92.9,282037.0,1714.67,0.6154,"Kerala Ecostat and Ministry of MSME, district figures",1,pop 0.65 + activity 0.35; income spread +/-30%,2024,1,0
G07032,1313.0,60.14,77.9,264724.0,1324.36,0.4948,"Kerala Ecostat and Ministry of MSME, district figures",1,pop 0.65 + activity 0.35; income spread +/-30%,2024,1,0
G07030,990.0,60.75,61.9,268376.0,998.25,0.3756,"Kerala Ecostat and Ministry of MSME, district figures",1,pop 0.65 + activity 0.35; income spread +/-30%,2024,1,0
G07031,1622.0,,383.2,312766.0,1636.17,1.0,"Kerala Ecostat and Ministry of MSME, district figures",1,pop 0.65 + activity 0.35; income spread +/-30%,2024,1,1
G07007,1739.0,65.01,166.3,294624.0,1754.49,0.7217,"Kerala Ecostat and Ministry of MSME, district figures",1,pop 0.65 + activity 0.35; income spread +/-30%,2024,1,0
G07004,1226.0,59.6,124.4,261325.0,1236.29,0.5786,"Kerala Ecostat and Ministry of MSME, district figures",1,pop 0.65 + activity 0.35; income spread +/-30%,2024,1,0
M07029,2206.0,70.1,168.9,300332.0,2225.86,0.8255,"Kerala Ecostat and Ministry of MSME, district figures",1,pop 0.65 + activity 0.35; income spread +/-30%,2024,1,0
G07027,2915.0,67.47,349.2,309574.0,2940.38,0.9526,"Kerala Ecostat and Ministry of MSME, district figures",1,pop 0.65 + activity 0.35; income spread +/-30%,2024,1,0
M07026,4981.0,70.12,131.4,300359.0,5025.18,0.8777,"Kerala Ecostat and Ministry of MSME, district figures",1,pop 0.65 + activity 0.35; income spread +/-30%,2024,1,0
M07030,1705.0,,106.0,307148.0,1719.74,0.701,"Kerala Ecostat and Ministry of MSME, district figures",1,pop 0.65 + activity 0.35; income spread +/-30%,2024,1,1
G07028,5211.0,66.97,265.9,306612.0,5257.29,0.9723,"Kerala Ecostat and Ministry of MSME, district figures",1,pop 0.65 + activity 0.35; income spread +/-30%,2024,1,0
G07053,1330.0,58.13,48.7,252418.0,1341.51,0.418,"Kerala Ecostat and Ministry of MSME, district figures",1,pop 0.65 + activity 0.35; income spread +/-30%,2024,1,0
G07050,1445.0,,43.0,267310.0,1457.37,0.299,"Kerala Ecostat and Ministry of MSME, district figures",1,pop 0.65 + activity 0.35; income spread +/-30%,2024,1,1
M07031,3146.0,70.37,261.4,301683.0,3174.05,0.939,"Kerala Ecostat and Ministry of MSME, district figures",1,pop 0.65 + activity 0.35; income spread +/-30%,2024,1,0
M07021,4864.0,70.1,173.4,300229.0,4906.83,0.9222,"Kerala Ecostat and Ministry of MSME, district figures",1,pop 0.65 + activity 0.35; income spread +/-30%,2024,1,0
G07041,1803.0,61.76,91.1,274619.0,1818.44,0.6454,"Kerala Ecostat and Ministry of MSME, district figures",1,pop 0.65 + activity 0.35; income spread +/-30%,2024,1,0
G07039,834.0,55.87,33.3,238655.0,841.35,0.1895,"Kerala Ecostat and Ministry of MSME, district figures",1,pop 0.65 + activity 0.35; income spread +/-30%,2024,1,0
G07040,2717.0,64.13,300.9,289131.0,2740.42,0.9334,"Kerala Ecostat and Ministry of MSME, district figures",1,pop 0.65 + activity 0.35; income spread +/-30%,2024,1,0
G07042,1395.0,,53.0,254542.0,1407.15,0.4433,"Kerala Ecostat and Ministry of MSME, district figures",1,pop 0.65 + activity 0.35; income spread +/-30%,2024,1,1
G07044,1490.0,,127.9,279057.0,1503.58,0.7732,"Kerala Ecostat and Ministry of MSME, district figures",1,pop 0.65 + activity 0.35; income spread +/-30%,2024,1,1
G07043,1560.0,60.34,73.9,266116.0,1574.09,0.56,"Kerala Ecostat and Ministry of MSME, district figures",1,pop 0.65 + activity 0.35; income spread +/-30%,2024,1,0
G07046,596.0,52.47,25.7,218035.0,601.53,0.0952,"Kerala Ecostat and Ministry of MSME, district figures",1,pop 0.65 + activity 0.35; income spread +/-30%,2024,1,0
G07045,645.0,54.15,24.5,227956.0,650.36,0.0971,"Kerala Ecostat and Ministry of MSME, district figures",1,pop 0.65 + activity 0.35; income spread +/-30%,2024,1,0
M07066,1530.0,56.19,51.6,229230.0,1542.98,0.509,"Kerala Ecostat and Ministry of MSME, district figures",1,pop 0.65 + activity 0.35; income spread +/-30%,2024,1,0
G07047,930.0,54.77,34.8,232040.0,938.49,0.2421,"Kerala Ecostat and Ministry of MSME, district figures",1,pop 0.65 + activity 0.35; income spread +/-30%,2024,1,0
G07049,1475.0,58.24,55.8,253259.0,1488.43,0.5066,"Kerala Ecostat and Ministry of MSME, district figures",1,pop 0.65 + activity 0.35; income spread +/-30%,2024,1,0
G07048,1273.0,,46.2,223387.0,1284.6,0.3505,"Kerala Ecostat and Ministry of MSME, district figures",1,pop 0.65 + activity 0.35; income spread +/-30%,2024,1,1
G07052,1335.0,,51.5,239219.0,1346.88,0.4021,"Kerala Ecostat and Ministry of MSME, district figures",1,pop 0.65 + activity 0.35; income spread +/-30%,2024,1,1
G07070,510.0,50.82,23.2,207552.0,514.12,0.0637,"Kerala Ecostat and Ministry of MSME, district figures",1,pop 0.65 + activity 0.35; income spread +/-30%,2024,1,0
G07069,1202.0,,41.5,205000.0,1212.28,0.268,"Kerala Ecostat and Ministry of MSME, district figures",1,pop 0.65 + activity 0.35; income spread +/-30%,2024,1,1
G07066,886.0,50.38,28.4,205049.0,893.67,0.24,"Kerala Ecostat and Ministry of MSME, district figures",1,pop 0.65 + activity 0.35; income spread +/-30%,2024,1,0
M07067,925.0,53.61,38.8,216092.0,932.83,0.2716,"Kerala Ecostat and Ministry of MSME, district figures",1,pop 0.65 + activity 0.35; income spread +/-30%,2024,1,0
G07068,671.0,50.03,28.4,202891.0,676.83,0.1555,"Kerala Ecostat and Ministry of MSME, district figures",1,pop 0.65 + activity 0.35; income spread +/-30%,2024,1,0
G07078,648.0,48.59,21.4,194350.0,654.17,0.1046,"Kerala Ecostat and Ministry of MSME, district figures",1,pop 0.65 + activity 0.35; income spread +/-30%,2024,1,0
G07083,1232.0,,59.1,212661.0,1242.41,0.5155,"Kerala Ecostat and Ministry of MSME, district figures",1,pop 0.65 + activity 0.35; income spread +/-30%,2024,1,1
G07064,827.0,50.14,26.4,203759.0,834.77,0.2041,"Kerala Ecostat and Ministry of MSME, district figures",1,pop 0.65 + activity 0.35; income spread +/-30%,2024,1,0
