admin_id,name,local_auth,flood_share_historical_10yr,flood_share_historical_25yr,flood_share_historical_50yr,flood_share_historical_100yr,flood_share_historical_200yr,flood_share_historical_500yr,flood_share_rcp85_10yr,flood_share_rcp85_25yr,flood_share_rcp85_50yr,flood_share_rcp85_100yr,flood_share_rcp85_200yr,flood_share_rcp85_500yr,landslide_rank,landslide_susceptibility,hazard_source,hazard_source_level,hazard_data_year
C07003,Kochi,municipal_corporation,0.02761,0.033395,0.037128,0.055631,0.090954,0.158851,0.049272,0.049272,0.067815,0.088287,0.121805,0.174236,,,ksdma_ncess_rcp85+gsi,1,2026
G06014,Edamalakkudi,gram_panchayat,0.003923,0.003923,0.003923,0.003923,0.003972,0.003972,0.004413,0.004413,0.004952,0.005001,0.0051,0.005296,3.0,high,ksdma_ncess_rcp85+gsi,1,2026
G07062,Kuttampuzha Gramapanchayath,gram_panchayat,0.020695,0.021783,0.022457,0.023197,0.023872,0.024557,0.037309,0.037309,0.044784,0.047373,0.04993,0.053151,3.0,high,ksdma_ncess_rcp85+gsi,1,2026
G07014,Ayyampuzha Gramapanchayath,gram_panchayat,0.009687,0.011232,0.011898,0.012446,0.012857,0.013326,0.030292,0.030292,0.042562,0.047924,0.051485,0.057884,3.0,high,ksdma_ncess_rcp85+gsi,1,2026
G07057,Kavalangad Gramapanchayath,gram_panchayat,0.027746,0.028318,0.028986,0.030082,0.030463,0.030606,0.016924,0.016924,0.032895,0.036137,0.03914,0.041524,3.0,high,ksdma_ncess_rcp85+gsi,1,2026
G07059,Keerampaara Gramapanchayath,gram_panchayat,0.081029,0.09015,0.093702,0.095526,0.098982,0.100998,0.193836,0.193836,0.216782,0.222062,0.226286,0.232911,3.0,high,ksdma_ncess_rcp85+gsi,1,2026
G07056,Pindimana Gramapanchayath,gram_panchayat,0.006039,0.006522,0.006763,0.007126,0.007246,0.007367,0.136594,0.136594,0.168357,0.177174,0.186473,0.194324,3.0,high,ksdma_ncess_rcp85+gsi,1,2026
G07063,Kottappady Grama Panchayath,gram_panchayat,0.00061,0.00061,0.00061,0.00061,0.00061,0.00061,0.005335,0.005335,0.082457,0.092212,0.100442,0.180003,3.0,high,ksdma_ncess_rcp85+gsi,1,2026
G07020,Vengoor Gramapanchayath,gram_panchayat,0.029793,0.033654,0.036422,0.038097,0.040283,0.044071,0.11961,0.11961,0.152462,0.166667,0.177156,0.224068,3.0,high,ksdma_ncess_rcp85+gsi,1,2026
G07022,Koovappady Gramapanchayath,gram_panchayat,0.042287,0.045285,0.04818,0.051179,0.053453,0.057175,0.142887,0.142887,0.198718,0.215674,0.226427,0.23749,2.0,moderate,ksdma_ncess_rcp85+gsi,1,2026
G07019,Mudakkuzha Gramapanchayath,gram_panchayat,0.03093,0.032548,0.034526,0.034706,0.035425,0.036864,0.074807,0.074807,0.13289,0.146556,0.158605,0.205539,,,ksdma_ncess_rcp85+gsi,1,2026
G07017,Malayattoor-Neeleswaram Gramapanchayath,gram_panchayat,0.02726,0.030895,0.034303,0.036688,0.038392,0.040436,0.119945,0.119945,0.166856,0.182871,0.194798,0.20343,3.0,high,ksdma_ncess_rcp85+gsi,1,2026
G10095,Kalady Gramapanchayath,gram_panchayat,0.015105,0.016503,0.064056,0.067692,0.069371,0.073007,0.152168,0.152168,0.229091,0.275804,0.312448,0.351329,,,ksdma_ncess_rcp85+gsi,1,2026
G07012,Manjapra Gramapanchayath,gram_panchayat,0.069444,0.073611,0.111111,0.12037,0.123611,0.125926,0.13287,0.13287,0.226852,0.248611,0.279167,0.334259,,,ksdma_ncess_rcp85+gsi,1,2026
G04010,Thuravoor Gramapanchayat,gram_panchayat,0.022674,0.033223,0.04456,0.047394,0.048654,0.050701,0.042828,0.042828,0.087388,0.096993,0.105653,0.126122,1.0,low,ksdma_ncess_rcp85+gsi,1,2026
G07010,Mookkannoor Gramapanchayath,gram_panchayat,0.010306,0.014129,0.01496,0.017786,0.018118,0.020279,0.011636,0.011636,0.019448,0.020279,0.021277,0.026097,3.0,high,ksdma_ncess_rcp85+gsi,1,2026
G07013,Karukutty Gramapanchayath,gram_panchayat,0.004464,0.005159,0.005159,0.005159,0.005159,0.005258,0.005357,0.005357,0.006746,0.00744,0.009226,0.011607,3.0,high,ksdma_ncess_rcp85+gsi,1,2026
G07073,Parakkadavu Gramapanchayath,gram_panchayat,0.167259,0.171165,0.172408,0.176669,0.181108,0.187322,0.172763,0.172763,0.175781,0.182173,0.187855,0.198686,,,ksdma_ncess_rcp85+gsi,1,2026
M07028,Angamaly,municipality,0.062543,0.06972,0.075359,0.079118,0.080144,0.090738,0.111586,0.111586,0.130041,0.139781,0.152597,0.166268,,,ksdma_ncess_rcp85+gsi,1,2026
G07072,Nedumbassery Gramapanchayath,gram_panchayat,0.130687,0.150744,0.159016,0.171423,0.181141,0.199959,0.176179,0.176179,0.222911,0.238834,0.266749,0.319065,,,ksdma_ncess_rcp85+gsi,1,2026
G07075,Sreemoolanagaram Gramapanchayath,gram_panchayat,0.08475,0.0915,0.097,0.1025,0.1035,0.1085,0.20575,0.20575,0.29925,0.33125,0.37275,0.38575,,,ksdma_ncess_rcp85+gsi,1,2026
G07071,Chengamanadu Gramapanchayath,gram_panchayat,0.145882,0.153333,0.155294,0.159608,0.163529,0.170784,0.175294,0.175294,0.216667,0.231961,0.254706,0.28451,,,ksdma_ncess_rcp85+gsi,1,2026
G07023,Okkal Gramapanchayath,gram_panchayat,0.027813,0.036562,0.04625,0.05125,0.059062,0.062812,0.16,0.16,0.262813,0.297812,0.323125,0.344687,,,ksdma_ncess_rcp85+gsi,1,2026
M07024,Perumbavoor,municipality,0.060847,0.066138,0.070295,0.074074,0.075208,0.077475,0.136054,0.136054,0.214664,0.233182,0.271731,0.302721,,,ksdma_ncess_rcp85+gsi,1,2026
G07021,Rayamangalam Gramapanchayath,gram_panchayat,0.002774,0.002913,0.003052,0.003052,0.00319,0.003468,0.005687,0.005687,0.012346,0.014426,0.037869,0.06048,,,ksdma_ncess_rcp85+gsi,1,2026
G07018,Asamannur Gramapanchayath,gram_panchayat,0.0,0.0,0.0,0.0,0.0,0.0,0.000437,0.000437,0.000437,0.000437,0.000437,0.147946,,,ksdma_ncess_rcp85+gsi,1,2026
G07055,Nellikuzhy Gramapanchayath,gram_panchayat,0.011364,0.011526,0.011688,0.011851,0.011851,0.012662,0.109416,0.109416,0.175325,0.186526,0.229708,0.240422,,,ksdma_ncess_rcp85+gsi,1,2026
M07023,Kothamangalam,municipality,0.02442,0.025249,0.025776,0.027434,0.027962,0.02864,0.138755,0.138755,0.216159,0.236283,0.247965,0.254522,,,ksdma_ncess_rcp85+gsi,1,2026
G07058,Varapetty Gramapanchayath,gram_panchayat,0.05363,0.055269,0.059016,0.059719,0.061124,0.062061,0.092506,0.092506,0.236534,0.323653,0.375878,0.426698,,,ksdma_ncess_rcp85+gsi,1,2026
G07061,Pallarimangalam Gramapanchayath,gram_panchayat,0.029133,0.029472,0.02981,0.030488,0.030488,0.030488,0.031504,0.031504,0.059621,0.065041,0.069444,0.13584,,,ksdma_ncess_rcp85+gsi,1,2026
G07060,Pothanikkad Gramapanchayath,gram_panchayat,0.029291,0.030259,0.031711,0.032438,0.033648,0.034858,0.04793,0.04793,0.059066,0.063181,0.069233,0.1542,,,ksdma_ncess_rcp85+gsi,1,2026
G07054,Paingottoor Gramapanchayath,gram_panchayat,0.023399,0.024279,0.025158,0.02551,0.025686,0.026742,0.043455,0.043455,0.063336,0.071253,0.078114,0.096587,3.0,high,ksdma_ncess_rcp85+gsi,1,2026
G07080,Kalloorkaad Gramapanchayath,gram_panchayat,0.007075,0.007376,0.007677,0.007978,0.00843,0.009183,0.012946,0.012946,0.018064,0.020172,0.022129,0.024236,,,ksdma_ncess_rcp85+gsi,1,2026
G07081,Ayavana Gramapanchayath,gram_panchayat,0.041257,0.043543,0.045029,0.047314,0.049029,0.049943,0.061943,0.061943,0.075657,0.089943,0.108914,0.133143,,,ksdma_ncess_rcp85+gsi,1,2026
G07082,Manjalloor Gramapanchayath,gram_panchayat,0.016743,0.017419,0.017927,0.018096,0.018434,0.020463,0.027397,0.027397,0.036868,0.040419,0.044817,0.04989,,,ksdma_ncess_rcp85+gsi,1,2026
G07077,Avoly Gramapanchayath,gram_panchayat,0.050259,0.057692,0.059632,0.060763,0.062864,0.064964,0.073368,0.073368,0.089851,0.098578,0.10488,0.111829,,,ksdma_ncess_rcp85+gsi,1,2026
M07022,Muvattupuzha,municipality,0.094357,0.103762,0.10815,0.110345,0.116301,0.120376,0.137304,0.137304,0.16489,0.180878,0.192163,0.204702,,,ksdma_ncess_rcp85+gsi,1,2026
G07079,Paipra Gramapanchayath,gram_panchayat,0.04455,0.049647,0.055236,0.057866,0.059675,0.062962,0.056222,0.056222,0.0771,0.081867,0.084333,0.089594,,,ksdma_ncess_rcp85+gsi,1,2026
G07084,Valakom Gramapanchayath,gram_panchayat,0.153783,0.164885,0.16838,0.171053,0.17352,0.17537,0.196135,0.196135,0.238281,0.250206,0.263363,0.269737,,,ksdma_ncess_rcp85+gsi,1,2026
G07051,Mazhuvanoor Gramapanchayath,gram_panchayat,0.024988,0.032366,0.035317,0.037482,0.03876,0.040039,0.038072,0.038072,0.050566,0.057059,0.060108,0.065912,,,ksdma_ncess_rcp85+gsi,1,2026
G07026,Kizhakkambalam Gramapanchayath,gram_panchayat,0.035974,0.036883,0.037403,0.038052,0.038052,0.039351,0.044545,0.044545,0.055195,0.088701,0.104286,0.121558,,,ksdma_ncess_rcp85+gsi,1,2026
G07024,Vengola Gramapanchayath,gram_panchayat,0.023831,0.02549,0.026244,0.026848,0.026998,0.027903,0.038009,0.038009,0.068477,0.082353,0.121116,0.139065,,,ksdma_ncess_rcp85+gsi,1,2026
G07025,Vazhakkulam Gramapanchayath,gram_panchayat,0.053147,0.056743,0.058541,0.060539,0.062537,0.064735,0.103497,0.103497,0.155644,0.182218,0.196404,0.205395,,,ksdma_ncess_rcp85+gsi,1,2026
G07015,Kanjoor Gramapanchayath,gram_panchayat,0.030378,0.036946,0.066229,0.07006,0.073071,0.076355,0.171319,0.171319,0.238643,0.269841,0.290367,0.310345,,,ksdma_ncess_rcp85+gsi,1,2026
G07029,Keezhmadu Gramapanchayath,gram_panchayat,0.142857,0.146349,0.146349,0.148254,0.164127,0.180317,0.189524,0.189524,0.24254,0.26127,0.268889,0.279365,,,ksdma_ncess_rcp85+gsi,1,2026
M07025,Aluva,municipality,0.048173,0.053156,0.060354,0.074197,0.086932,0.114064,0.098007,0.098007,0.122924,0.128461,0.137874,0.1567,,,ksdma_ncess_rcp85+gsi,1,2026
G07074,Kunnukara Gramapanchayath,gram_panchayat,0.443826,0.452542,0.455206,0.461501,0.464649,0.466828,0.460291,0.460291,0.461985,0.469492,0.475061,0.48184,,,ksdma_ncess_rcp85+gsi,1,2026
G07006,Karumalloor Gramapanchayath,gram_panchayat,0.221474,0.225641,0.226923,0.231891,0.236218,0.239583,0.229327,0.229327,0.23141,0.235897,0.241667,0.247596,,,ksdma_ncess_rcp85+gsi,1,2026
G07076,Puthenvelikkara Gramapanchayath,gram_panchayat,0.224977,0.230588,0.232398,0.235837,0.24,0.242534,0.248688,0.248688,0.256652,0.261176,0.264072,0.267511,,,ksdma_ncess_rcp85+gsi,1,2026
G07001,Chendamangalam Gramapanchayath,gram_panchayat,0.247392,0.261997,0.269151,0.2769,0.282563,0.284352,0.302235,0.302235,0.311773,0.315946,0.317437,0.320119,,,ksdma_ncess_rcp85+gsi,1,2026
M07027,Paravur,municipality,0.30792,0.346336,0.364657,0.406028,0.419622,0.439125,0.365839,0.365839,0.484634,0.535461,0.549054,0.580969,,,ksdma_ncess_rcp85+gsi,1,2026
G07005,Chittattukara Gramapanchayath,gram_panchayat,0.44837,0.491848,0.5,0.506793,0.518342,0.52106,0.533288,0.533288,0.538043,0.538723,0.538723,0.538723,,,ksdma_ncess_rcp85+gsi,1,2026
G07037,Pallippuram Gramapanchayath,gram_panchayat,0.057505,0.059211,0.060673,0.061404,0.062378,0.06384,0.074805,0.074805,0.089669,0.111111,0.114279,0.116715,,,ksdma_ncess_rcp85+gsi,1,2026
G07002,Kottuvally Gramapanchayath,gram_panchayat,0.339932,0.358597,0.366327,0.37764,0.384427,0.389894,0.346154,0.346154,0.368967,0.379525,0.385935,0.392722,,,ksdma_ncess_rcp85+gsi,1,2026
G07038,Kuzhuppilly Gramapanchayath,gram_panchayat,0.190132,0.208553,0.217105,0.223026,0.225658,0.230921,0.219079,0.219079,0.263158,0.283553,0.292763,0.302632,,,ksdma_ncess_rcp85+gsi,1,2026
G07036,Edavanakad Gramapanchayath,gram_panchayat,0.098972,0.140076,0.197945,0.214711,0.230395,0.243375,0.118442,0.118442,0.243375,0.294213,0.313683,0.335857,,,ksdma_ncess_rcp85+gsi,1,2026
G07035,Nayarambalam Gramapanchayath,gram_panchayat,0.10461,0.105674,0.127305,0.147872,0.169149,0.193262,0.10461,0.10461,0.128014,0.178723,0.20461,0.215957,,,ksdma_ncess_rcp85+gsi,1,2026
G07003,Ezhikkara Gramapanchayath,gram_panchayat,0.130373,0.136082,0.140682,0.144647,0.147502,0.150833,0.134972,0.134972,0.15115,0.15908,0.162252,0.171768,,,ksdma_ncess_rcp85+gsi,1,2026
G07008,Alangad Gramapanchayath,gram_panchayat,0.437566,0.466138,0.474074,0.492593,0.504497,0.516402,0.449206,0.449206,0.478836,0.499206,0.51164,0.530423,,,ksdma_ncess_rcp85+gsi,1,2026
G07009,Kadungalloor Gramapanchayath,gram_panchayat,0.19542,0.236794,0.258132,0.275046,0.300807,0.323966,0.26828,0.26828,0.31694,0.3414,0.368722,0.395264,,,ksdma_ncess_rcp85+gsi,1,2026
G07034,Njarackal Gramapanchayath,gram_panchayat,0.107568,0.11027,0.11027,0.110811,0.115135,0.128649,0.108108,0.108108,0.114054,0.115676,0.131351,0.132973,,,ksdma_ncess_rcp85+gsi,1,2026
G07033,Elamkunnapuzha Gramapanchayath,gram_panchayat,0.061819,0.064763,0.066824,0.071239,0.073889,0.166618,0.09479,0.09479,0.130998,0.142184,0.153959,0.168973,,,ksdma_ncess_rcp85+gsi,1,2026
G07032,Mulavukadu Gramapanchayath,gram_panchayat,0.061644,0.066096,0.071918,0.082534,0.093493,0.117466,0.081164,0.081164,0.093493,0.101027,0.114041,0.117808,,,ksdma_ncess_rcp85+gsi,1,2026
G07030,Kadamakkudy Gramapanchayath,gram_panchayat,0.179644,0.253615,0.291713,0.318687,0.335095,0.345662,0.217186,0.217186,0.303115,0.324249,0.338988,0.347887,,,ksdma_ncess_rcp85+gsi,1,2026
G07031,Cherannalloor Gramapanchayat,gram_panchayat,0.093202,0.125,0.253289,0.3125,0.345395,0.417763,0.134868,0.134868,0.291667,0.321272,0.344298,0.417763,,,ksdma_ncess_rcp85+gsi,1,2026
G07007,Varapuzha Gramapanchayath,gram_panchayat,0.168837,0.240451,0.288628,0.330729,0.364149,0.383681,0.184462,0.184462,0.294705,0.332465,0.368056,0.389757,,,ksdma_ncess_rcp85+gsi,1,2026
G07004,Vadakkekkara Gramapanchayath,gram_panchayat,0.326794,0.354067,0.361244,0.371292,0.383254,0.402392,0.428708,0.428708,0.452153,0.454067,0.455024,0.455502,,,ksdma_ncess_rcp85+gsi,1,2026
M07029,Eloor,municipality,0.084856,0.109856,0.144952,0.163221,0.178846,0.194471,0.122837,0.122837,0.156971,0.180048,0.205769,0.222837,,,ksdma_ncess_rcp85+gsi,1,2026
G07027,Choornikkara Gramapanchayath,gram_panchayat,0.138545,0.147947,0.152895,0.162296,0.198911,0.224641,0.228105,0.228105,0.27808,0.287976,0.293914,0.307274,,,ksdma_ncess_rcp85+gsi,1,2026
M07026,Kalamassery,municipality,0.077694,0.082406,0.088722,0.09604,0.116291,0.13604,0.106065,0.106065,0.125614,0.130627,0.149474,0.168722,,,ksdma_ncess_rcp85+gsi,1,2026
M07030,Thrikkakara,municipality,0.076413,0.080098,0.081572,0.085012,0.102948,0.124816,0.095577,0.095577,0.101966,0.112531,0.126781,0.141523,,,ksdma_ncess_rcp85+gsi,1,2026
G07028,Edathala Gramapanchayath,gram_panchayat,0.032212,0.037019,0.041827,0.045192,0.048558,0.067548,0.042067,0.042067,0.05601,0.064423,0.065625,0.098558,,,ksdma_ncess_rcp85+gsi,1,2026
G07053,Kunnathunad Gramapanchayath,gram_panchayat,0.059214,0.063454,0.064867,0.06515,0.065998,0.070803,0.066846,0.066846,0.073629,0.077162,0.077728,0.08338,,,ksdma_ncess_rcp85+gsi,1,2026
G07050,Vadavukode-Puthencruz Gramapanachayath,gram_panchayat,0.05008,0.051515,0.052632,0.054864,0.055662,0.058214,0.058054,0.058054,0.062041,0.062679,0.063317,0.066986,,,ksdma_ncess_rcp85+gsi,1,2026
M07031,Maradu,municipality,0.075581,0.080501,0.087657,0.11136,0.139088,0.177996,0.133274,0.133274,0.148479,0.153846,0.162343,0.262522,,,ksdma_ncess_rcp85+gsi,1,2026
M07021,Thrippunithura,municipality,0.125971,0.132467,0.135574,0.145742,0.150826,0.172716,0.170032,0.170032,0.184155,0.189804,0.194605,0.198418,,,ksdma_ncess_rcp85+gsi,1,2026
G07041,Kumbalam Gramapanchayath,gram_panchayat,0.064419,0.066886,0.069627,0.07182,0.075658,0.082237,0.077577,0.077577,0.080318,0.087171,0.090735,0.09841,,,ksdma_ncess_rcp85+gsi,1,2026
G07039,Chellanam Gramapanchayath,gram_panchayat,0.071966,0.076047,0.078947,0.092159,0.099678,0.108915,0.089796,0.089796,0.09957,0.141461,0.145328,0.150698,,,ksdma_ncess_rcp85+gsi,1,2026
G07040,Kumbalanghy Gramapanchayath,gram_panchayat,0.095571,0.09965,0.100816,0.103147,0.109557,0.142191,0.151515,0.151515,0.164336,0.176573,0.189394,0.19697,,,ksdma_ncess_rcp85+gsi,1,2026
G07042,Udayamperoor Gramapanchayath,gram_panchayat,0.075288,0.079656,0.08286,0.088103,0.092326,0.09451,0.081986,0.081986,0.093927,0.102665,0.113587,0.116062,,,ksdma_ncess_rcp85+gsi,1,2026
G07044,Chottanikara Gramapanchayath,gram_panchayat,0.0425,0.043929,0.044643,0.045,0.045,0.047143,0.063929,0.063929,0.068929,0.071071,0.078929,0.081071,,,ksdma_ncess_rcp85+gsi,1,2026
G07043,Mulamthuruthy Gramapanchayath,gram_panchayat,0.029549,0.035289,0.04443,0.053997,0.05591,0.058036,0.03125,0.03125,0.046131,0.09375,0.096939,0.100765,,,ksdma_ncess_rcp85+gsi,1,2026
G07046,Amballur Gramapanchayath,gram_panchayat,0.190438,0.207102,0.215037,0.218012,0.222575,0.225154,0.206507,0.206507,0.225352,0.235668,0.241024,0.24876,,,ksdma_ncess_rcp85+gsi,1,2026
G07045,Edakkattuvayal Gramapanchayath,gram_panchayat,0.065845,0.070775,0.072007,0.072711,0.073063,0.073944,0.082923,0.082923,0.091197,0.104577,0.108627,0.110739,,,ksdma_ncess_rcp85+gsi,1,2026
M07066,Piravom,municipality,0.185588,0.192931,0.196144,0.198286,0.199204,0.200122,0.212974,0.212974,0.228886,0.237301,0.243727,0.253213,,,ksdma_ncess_rcp85+gsi,1,2026
G07047,Maneedu Gramapanchayath,gram_panchayat,0.054602,0.059167,0.060263,0.062272,0.062272,0.063915,0.068115,0.068115,0.077429,0.082725,0.088386,0.092951,,,ksdma_ncess_rcp85+gsi,1,2026
G07049,Thiruvaniyoor Gramapanchayath,gram_panchayat,0.026728,0.027189,0.027803,0.028264,0.028264,0.029186,0.03533,0.03533,0.039478,0.040246,0.04086,0.042396,,,ksdma_ncess_rcp85+gsi,1,2026
G07048,Poothrika Gramapanchayath,gram_panchayat,0.057225,0.060861,0.061818,0.063158,0.064115,0.065455,0.079809,0.079809,0.095885,0.10067,0.105646,0.112153,,,ksdma_ncess_rcp85+gsi,1,2026
G07052,Aikkaranadu Gramapanchayath,gram_panchayat,0.011748,0.022937,0.023916,0.025315,0.026853,0.027133,0.027273,0.027273,0.036224,0.046294,0.046573,0.048671,,,ksdma_ncess_rcp85+gsi,1,2026
G07070,Ramamangalam Gramapanchayath,gram_panchayat,0.110778,0.116608,0.118607,0.12044,0.122106,0.123105,0.134266,0.134266,0.157754,0.168582,0.176245,0.182909,,,ksdma_ncess_rcp85+gsi,1,2026
G07069,Pampakuda Gramapanchayath,gram_panchayat,0.034359,0.038402,0.040889,0.041822,0.041822,0.042289,0.045709,0.045709,0.055348,0.059235,0.066231,0.071828,3.0,high,ksdma_ncess_rcp85+gsi,1,2026
G07066,Thirumaradi Gramapanchayath,gram_panchayat,0.023529,0.029552,0.030392,0.030392,0.030952,0.031373,0.035434,0.035434,0.039496,0.040896,0.042437,0.044398,3.0,high,ksdma_ncess_rcp85+gsi,1,2026
M07067,Koothattukulam,municipality,0.019358,0.019707,0.020056,0.020056,0.02023,0.020405,0.019881,0.019881,0.021974,0.022323,0.022846,0.023195,3.0,high,ksdma_ncess_rcp85+gsi,1,2026
G07068,Palakuzha Gramapanchayath,gram_panchayat,0.000794,0.000794,0.000794,0.000794,0.001191,0.001191,0.000794,0.000794,0.001191,0.001191,0.001191,0.00139,3.0,high,ksdma_ncess_rcp85+gsi,1,2026
G07078,Arakkuzha Gramapanchayath,gram_panchayat,0.032486,0.034524,0.035243,0.036322,0.037641,0.03884,0.044713,0.044713,0.058379,0.062695,0.065931,0.069887,3.0,high,ksdma_ncess_rcp85+gsi,1,2026
G07083,Marady Gramapanchayath,gram_panchayat,0.109947,0.115936,0.120214,0.122353,0.125134,0.127487,0.135401,0.135401,0.152513,0.15508,0.155722,0.159786,,,ksdma_ncess_rcp85+gsi,1,2026
G07064,Elanji Gramapanchayath,gram_panchayat,0.022198,0.023705,0.023842,0.024253,0.024253,0.024527,0.02672,0.02672,0.029734,0.030693,0.032612,0.036174,,,ksdma_ncess_rcp85+gsi,1,2026
