admin_id,area_km2,road_segments,road_length_m,weighted_length_m,max_road_class,road_density_km_per_km2,road_source,road_source_level,road_data_year
C07003,98.72090958214781,8734.0,1292662.592484772,1292662.5924847722,5.0,13.094,geofabrik_osm_southern_zone,3,2026
G06014,115.0090483590574,0.0,0.0,0.0,0.0,0.0,geofabrik_osm_southern_zone,3,2026
G07062,504.1190091296355,364.0,234731.3369891856,234731.3369891856,5.0,0.466,geofabrik_osm_southern_zone,3,2026
G07014,243.33119199014618,361.0,237784.0396030198,237784.0396030198,4.0,0.977,geofabrik_osm_southern_zone,3,2026
G07057,71.1514797303497,422.0,215474.51054759693,215474.51054759693,5.0,3.028,geofabrik_osm_southern_zone,3,2026
G07059,36.86279043938128,249.0,117723.84093923922,117723.84093923922,3.0,3.194,geofabrik_osm_southern_zone,3,2026
G07056,24.52970878807532,302.0,145340.36789259096,145340.36789259096,3.0,5.925,geofabrik_osm_southern_zone,3,2026
G07063,29.94004080881558,266.0,135346.20451109426,135346.20451109426,3.0,4.521,geofabrik_osm_southern_zone,3,2026
G07020,57.82001378375331,377.0,211430.28059490124,211430.28059490124,3.0,3.657,geofabrik_osm_southern_zone,3,2026
G07022,30.257074930648447,518.0,174804.80181751016,174804.80181751016,3.0,5.777,geofabrik_osm_southern_zone,3,2026
G07019,22.25518206881106,328.0,125943.55379997677,125943.55379997677,3.0,5.659,geofabrik_osm_southern_zone,3,2026
G07017,36.40205952165858,386.0,143403.60315069897,143403.603150699,3.0,3.939,geofabrik_osm_southern_zone,3,2026
G10095,16.653011614414805,522.0,131551.84585988926,131551.8458598893,4.0,7.9,geofabrik_osm_southern_zone,3,2026
G07012,10.391799083622344,281.0,77012.3486693288,77012.34866932881,3.0,7.411,geofabrik_osm_southern_zone,3,2026
G04010,16.082157111801965,359.0,120168.23191361388,120168.23191361388,3.0,7.472,geofabrik_osm_southern_zone,3,2026
G07010,22.381127020872825,399.0,150742.1395478798,150742.1395478798,3.0,6.735,geofabrik_osm_southern_zone,3,2026
G07013,27.27627815918373,588.0,211353.70295436252,211353.70295436252,5.0,7.749,geofabrik_osm_southern_zone,3,2026
G07073,22.9567428684495,469.0,151923.49662658395,151923.49662658398,3.0,6.618,geofabrik_osm_southern_zone,3,2026
M07028,20.934426130963676,759.0,193544.8871202625,193544.8871202625,5.0,9.245,geofabrik_osm_southern_zone,3,2026
G07072,22.918465295121784,763.0,186978.87047517733,186978.87047517733,5.0,8.158,geofabrik_osm_southern_zone,3,2026
G07075,15.208670775016202,429.0,120244.81030439636,120244.81030439638,3.0,7.906,geofabrik_osm_southern_zone,3,2026
G07071,16.652658033091676,529.0,122049.44746167427,122049.44746167428,5.0,7.329,geofabrik_osm_southern_zone,3,2026
G07023,12.32762661892127,309.0,91691.37409639885,91691.37409639885,4.0,7.438,geofabrik_osm_southern_zone,3,2026
M07024,11.88119358390969,633.0,131097.36175359145,131097.36175359145,4.0,11.034,geofabrik_osm_southern_zone,3,2026
G07021,36.52942498776617,1355.0,356228.07513402327,356228.0751340233,4.0,9.752,geofabrik_osm_southern_zone,3,2026
G07018,22.07390821601662,229.0,122506.79820210628,122506.79820210628,4.0,5.55,geofabrik_osm_southern_zone,3,2026
G07055,28.62002927686044,441.0,191085.85913632283,191085.85913632283,4.0,6.677,geofabrik_osm_southern_zone,3,2026
M07023,38.456354997001824,646.0,238043.271316507,238043.27131650696,5.0,6.19,geofabrik_osm_southern_zone,3,2026
G07058,20.612471581229297,182.0,75009.26657321754,75009.26657321752,3.0,3.639,geofabrik_osm_southern_zone,3,2026
G07061,12.855076688499,136.0,74773.96225060601,74773.96225060601,4.0,5.817,geofabrik_osm_southern_zone,3,2026
G07060,19.599043554440062,158.0,89222.40058479489,89222.40058479489,4.0,4.552,geofabrik_osm_southern_zone,3,2026
G07054,32.42340791961729,134.0,105640.79489002601,105640.794890026,4.0,3.258,geofabrik_osm_southern_zone,3,2026
G07080,28.356229591040027,234.0,147778.6792890113,147778.6792890113,4.0,5.212,geofabrik_osm_southern_zone,3,2026
G07081,28.14761900407329,200.0,130198.75884388993,130198.75884388993,5.0,4.626,geofabrik_osm_southern_zone,3,2026
G07082,22.793263175085418,232.0,119533.49968025758,119533.49968025758,4.0,5.244,geofabrik_osm_southern_zone,3,2026
G07077,19.718094246241872,289.0,125681.57440008086,125681.57440008086,4.0,6.374,geofabrik_osm_southern_zone,3,2026
M07022,11.293411657694172,568.0,148516.93293191088,148516.9329319109,5.0,13.151,geofabrik_osm_southern_zone,3,2026
G07079,31.947885241439764,497.0,197243.389696822,197243.389696822,5.0,6.174,geofabrik_osm_southern_zone,3,2026
G07084,24.41489131602792,211.0,100673.4632664357,100673.46326643572,5.0,4.123,geofabrik_osm_southern_zone,3,2026
G07051,50.63320157222781,628.0,264278.24265311565,264278.24265311565,4.0,5.219,geofabrik_osm_southern_zone,3,2026
G07026,30.790921091680847,710.0,207894.44222127754,207894.44222127757,4.0,6.752,geofabrik_osm_southern_zone,3,2026
G07024,35.84910066120856,698.0,240026.14063907476,240026.1406390748,4.0,6.695,geofabrik_osm_southern_zone,3,2026
G07025,19.829311950469243,552.0,156323.08542878006,156323.08542878006,4.0,7.883,geofabrik_osm_southern_zone,3,2026
G07015,14.299792704034415,322.0,88175.70634258051,88175.70634258052,3.0,6.166,geofabrik_osm_southern_zone,3,2026
G07029,17.795351798654334,611.0,139573.05630443039,139573.05630443039,4.0,7.843,geofabrik_osm_southern_zone,3,2026
M07025,6.1085995172728635,478.0,86737.44193791514,86737.44193791514,5.0,14.199,geofabrik_osm_southern_zone,3,2026
G07074,19.91656812642369,356.0,105075.12619515198,105075.12619515198,3.0,5.276,geofabrik_osm_southern_zone,3,2026
G07006,19.379298272854907,656.0,148273.63144078795,148273.63144078795,3.0,7.651,geofabrik_osm_southern_zone,3,2026
G07076,17.8929402220041,392.0,115043.34910914267,115043.34910914268,3.0,6.43,geofabrik_osm_southern_zone,3,2026
G07001,11.24141895960467,438.0,112090.29748416065,112090.29748416066,3.0,9.971,geofabrik_osm_southern_zone,3,2026
M07027,8.927664213120893,619.0,133286.6829965916,133286.6829965916,5.0,14.93,geofabrik_osm_southern_zone,3,2026
G07005,6.916924411030291,267.0,76122.87603171964,76122.87603171964,5.0,11.005,geofabrik_osm_southern_zone,3,2026
G07037,14.261990063867081,739.0,141020.37066451187,141020.37066451187,4.0,9.888,geofabrik_osm_southern_zone,3,2026
G07002,22.47727758710841,773.0,167525.08844870637,167525.08844870637,5.0,7.453,geofabrik_osm_southern_zone,3,2026
G07038,7.252289656771962,260.0,62341.73488360868,62341.73488360869,4.0,8.596,geofabrik_osm_southern_zone,3,2026
G07036,10.120914203189999,411.0,88320.53181931606,88320.53181931606,4.0,8.727,geofabrik_osm_southern_zone,3,2026
G07035,12.428106300090795,779.0,87915.27057188748,87915.27057188748,4.0,7.074,geofabrik_osm_southern_zone,3,2026
G07003,17.762453447434858,284.0,63092.30140774037,63092.30140774038,3.0,3.552,geofabrik_osm_southern_zone,3,2026
G07008,19.177347717809635,816.0,180016.8058571597,180016.80585715966,5.0,9.387,geofabrik_osm_southern_zone,3,2026
G07009,18.048376655403988,815.0,151582.71565398556,151582.71565398556,3.0,8.399,geofabrik_osm_southern_zone,3,2026
G07034,8.238756387355787,281.0,62760.63910487538,62760.63910487539,4.0,7.618,geofabrik_osm_southern_zone,3,2026
G07033,18.306580992788135,871.0,136700.2652244919,136700.2652244919,5.0,7.467,geofabrik_osm_southern_zone,3,2026
G07032,16.864474880384744,319.0,70822.42436053707,70822.42436053707,5.0,4.2,geofabrik_osm_southern_zone,3,2026
G07030,16.00609768911282,471.0,92590.92048495419,92590.92048495419,5.0,5.785,geofabrik_osm_southern_zone,3,2026
G07031,4.233462722560102,270.0,53620.863192100434,53620.863192100434,5.0,12.666,geofabrik_osm_southern_zone,3,2026
G07007,10.458398892231157,402.0,81208.06545215705,81208.06545215705,5.0,7.765,geofabrik_osm_southern_zone,3,2026
G07004,9.854186951632766,503.0,101700.78001614877,101700.78001614877,5.0,10.321,geofabrik_osm_southern_zone,3,2026
M07029,13.060408906863863,460.0,102860.02246301738,102860.02246301738,5.0,7.876,geofabrik_osm_southern_zone,3,2026
G07027,8.348428177006316,591.0,107108.68123809362,107108.68123809362,5.0,12.83,geofabrik_osm_southern_zone,3,2026
M07026,37.918255169934135,2535.0,462901.688357444,462901.688357444,5.0,12.208,geofabrik_osm_southern_zone,3,2026
M07030,16.078977587004246,1243.0,224510.77566481056,224510.77566481056,4.0,13.963,geofabrik_osm_southern_zone,3,2026
G07028,19.59840934885784,996.0,224013.81053070712,224013.81053070712,4.0,11.43,geofabrik_osm_southern_zone,3,2026
G07053,27.326597410132166,590.0,193812.26226914173,193812.26226914173,4.0,7.092,geofabrik_osm_southern_zone,3,2026
G07050,33.61586657403224,506.0,204047.0502245291,204047.0502245291,5.0,6.07,geofabrik_osm_southern_zone,3,2026
M07031,12.033448835794255,843.0,133242.44885126755,133242.44885126755,5.0,11.073,geofabrik_osm_southern_zone,3,2026
M07021,28.047436758153694,1258.0,237358.46931427153,237358.46931427156,5.0,8.463,geofabrik_osm_southern_zone,3,2026
G07041,19.798515648616995,831.0,121592.01860025032,121592.0186002503,5.0,6.141,geofabrik_osm_southern_zone,3,2026
G07039,25.01689187702489,415.0,106647.02774954076,106647.02774954076,4.0,4.263,geofabrik_osm_southern_zone,3,2026
G07040,9.030301700722484,322.0,65401.01348963753,65401.01348963753,3.0,7.242,geofabrik_osm_southern_zone,3,2026
G07042,26.31491047363369,531.0,114682.07062277659,114682.07062277658,4.0,4.358,geofabrik_osm_southern_zone,3,2026
G07044,11.650422126210572,352.0,98783.21516862007,98783.21516862005,3.0,8.479,geofabrik_osm_southern_zone,3,2026
G07043,21.104339138397588,490.0,159849.332367159,159849.33236715902,3.0,7.574,geofabrik_osm_southern_zone,3,2026
G07046,23.216567151841232,307.0,122192.90884835868,122192.90884835867,3.0,5.263,geofabrik_osm_southern_zone,3,2026
G07045,26.372960177867846,304.0,150665.27604676224,150665.27604676224,3.0,5.713,geofabrik_osm_southern_zone,3,2026
M07066,29.667309998938602,369.0,154868.83768417247,154868.83768417247,4.0,5.22,geofabrik_osm_southern_zone,3,2026
G07047,26.71359648633131,243.0,121244.30074449764,121244.30074449762,3.0,4.539,geofabrik_osm_southern_zone,3,2026
G07049,26.446140304009397,342.0,164550.86791481078,164550.86791481078,5.0,6.222,geofabrik_osm_southern_zone,3,2026
G07048,27.544797349753846,253.0,129224.48236057679,129224.48236057679,5.0,4.691,geofabrik_osm_southern_zone,3,2026
G07052,25.898577780716174,342.0,144177.5431803797,144177.54318037967,5.0,5.567,geofabrik_osm_southern_zone,3,2026
G07070,21.99413360212017,127.0,94284.5244908148,94284.5244908148,3.0,4.287,geofabrik_osm_southern_zone,3,2026
G07069,28.931064659651327,213.0,117459.7834076344,117459.78340763439,4.0,4.06,geofabrik_osm_southern_zone,3,2026
G07066,31.173327390189044,320.0,140666.03922600974,140666.03922600974,4.0,4.512,geofabrik_osm_southern_zone,3,2026
M07067,23.86657291792688,365.0,150414.60184408413,150414.60184408413,4.0,6.302,geofabrik_osm_southern_zone,3,2026
G07068,23.60898819618523,165.0,109144.00497569855,109144.00497569854,4.0,4.623,geofabrik_osm_southern_zone,3,2026
G07078,30.255146818639048,225.0,112654.49180172646,112654.49180172646,4.0,3.723,geofabrik_osm_southern_zone,3,2026
G07083,20.8609761535234,229.0,109870.56438166442,109870.5643816644,4.0,5.267,geofabrik_osm_southern_zone,3,2026
G07064,31.33543176666765,198.0,136801.44489053852,136801.44489053855,4.0,4.366,geofabrik_osm_southern_zone,3,2026
