admin_id,area_km2,row_total_length_m,row_narrow_length_m,row_arterial_length_m,row_lane_tag_coverage,row_narrow_share,row_arterial_km_per_km2,row_source,row_source_level,row_data_year
C07003,98.72090958214781,1292662.6,991942.3,300720.3,0.0854,0.7674,3.046,geofabrik_osm_southern_zone highway class,3,2026
G06014,115.0090483590574,,,,,,,geofabrik_osm_southern_zone highway class,3,2026
G07062,504.1190091296355,234731.3,129484.1,105247.3,0.033,0.5516,0.209,geofabrik_osm_southern_zone highway class,3,2026
G07014,243.33119199014618,237784.0,173366.7,64417.4,0.0028,0.7291,0.265,geofabrik_osm_southern_zone highway class,3,2026
G07057,71.1514797303497,215474.5,126788.2,88686.3,0.0237,0.5884,1.246,geofabrik_osm_southern_zone highway class,3,2026
G07059,36.86279043938128,117723.8,77035.6,40688.3,0.0361,0.6544,1.104,geofabrik_osm_southern_zone highway class,3,2026
G07056,24.52970878807532,145340.4,114708.8,30631.6,0.0497,0.7892,1.249,geofabrik_osm_southern_zone highway class,3,2026
G07063,29.94004080881558,135346.2,115717.4,19628.8,0.0263,0.855,0.656,geofabrik_osm_southern_zone highway class,3,2026
G07020,57.82001378375331,211430.3,176878.9,34551.3,0.0663,0.8366,0.598,geofabrik_osm_southern_zone highway class,3,2026
G07022,30.257074930648447,174804.8,146872.7,27932.1,0.0309,0.8402,0.923,geofabrik_osm_southern_zone highway class,3,2026
G07019,22.25518206881106,125943.6,93325.0,32618.6,0.064,0.741,1.466,geofabrik_osm_southern_zone highway class,3,2026
G07017,36.40205952165858,143403.6,113306.1,30097.5,0.0181,0.7901,0.827,geofabrik_osm_southern_zone highway class,3,2026
G10095,16.653011614414805,131551.8,94002.5,37549.3,0.0402,0.7146,2.255,geofabrik_osm_southern_zone highway class,3,2026
G07012,10.391799083622344,77012.3,62224.1,14788.2,0.0427,0.808,1.423,geofabrik_osm_southern_zone highway class,3,2026
G04010,16.082157111801965,120168.2,91808.8,28359.4,0.0251,0.764,1.763,geofabrik_osm_southern_zone highway class,3,2026
G07010,22.381127020872825,150742.1,115836.6,34905.6,0.0226,0.7684,1.56,geofabrik_osm_southern_zone highway class,3,2026
G07013,27.27627815918373,211353.7,151172.1,60181.6,0.0357,0.7153,2.206,geofabrik_osm_southern_zone highway class,3,2026
G07073,22.9567428684495,151923.5,112950.7,38972.8,0.0235,0.7435,1.698,geofabrik_osm_southern_zone highway class,3,2026
M07028,20.934426130963676,193544.9,143297.2,50247.7,0.0672,0.7404,2.4,geofabrik_osm_southern_zone highway class,3,2026
G07072,22.918465295121784,186978.9,140221.3,46757.6,0.0944,0.7499,2.04,geofabrik_osm_southern_zone highway class,3,2026
G07075,15.208670775016202,120244.8,94081.8,26163.0,0.0233,0.7824,1.72,geofabrik_osm_southern_zone highway class,3,2026
G07071,16.652658033091676,122049.4,86981.8,35067.7,0.0718,0.7127,2.106,geofabrik_osm_southern_zone highway class,3,2026
G07023,12.32762661892127,91691.4,82799.7,8891.7,0.0259,0.903,0.721,geofabrik_osm_southern_zone highway class,3,2026
M07024,11.88119358390969,131097.4,91948.1,39149.3,0.0316,0.7014,3.295,geofabrik_osm_southern_zone highway class,3,2026
G07021,36.52942498776617,356228.1,288145.3,68082.7,0.0362,0.8089,1.864,geofabrik_osm_southern_zone highway class,3,2026
G07018,22.07390821601662,122506.8,104729.1,17777.6,0.0568,0.8549,0.805,geofabrik_osm_southern_zone highway class,3,2026
G07055,28.62002927686044,191085.9,140365.6,50720.2,0.0522,0.7346,1.772,geofabrik_osm_southern_zone highway class,3,2026
M07023,38.456354997001824,238043.3,160757.3,77286.0,0.065,0.6753,2.01,geofabrik_osm_southern_zone highway class,3,2026
G07058,20.612471581229297,75009.3,54781.5,20227.8,0.0165,0.7303,0.981,geofabrik_osm_southern_zone highway class,3,2026
G07061,12.855076688499,74774.0,45392.7,29381.3,0.0147,0.6071,2.286,geofabrik_osm_southern_zone highway class,3,2026
G07060,19.599043554440062,89222.4,52033.9,37188.5,0.038,0.5832,1.897,geofabrik_osm_southern_zone highway class,3,2026
G07054,32.42340791961729,105640.8,39895.6,65745.2,0.0224,0.3777,2.028,geofabrik_osm_southern_zone highway class,3,2026
G07080,28.356229591040027,147778.7,80762.5,67016.2,0.0513,0.5465,2.363,geofabrik_osm_southern_zone highway class,3,2026
G07081,28.14761900407329,130198.8,64102.0,66096.7,0.035,0.4923,2.348,geofabrik_osm_southern_zone highway class,3,2026
G07082,22.793263175085418,119533.5,83338.6,36194.9,0.069,0.6972,1.588,geofabrik_osm_southern_zone highway class,3,2026
G07077,19.718094246241872,125681.6,65429.4,60252.2,0.0484,0.5206,3.056,geofabrik_osm_southern_zone highway class,3,2026
M07022,11.293411657694172,148516.9,84553.9,63922.7,0.1796,0.5693,5.66,geofabrik_osm_southern_zone highway class,3,2026
G07079,31.947885241439764,197243.4,144050.4,53193.0,0.0241,0.7303,1.665,geofabrik_osm_southern_zone highway class,3,2026
G07084,24.41489131602792,100673.5,81288.1,19385.4,0.0711,0.8074,0.794,geofabrik_osm_southern_zone highway class,3,2026
G07051,50.63320157222781,264278.2,187619.1,76659.1,0.0653,0.7099,1.514,geofabrik_osm_southern_zone highway class,3,2026
G07026,30.790921091680847,207894.4,158077.8,49816.6,0.0535,0.7604,1.618,geofabrik_osm_southern_zone highway class,3,2026
G07024,35.84910066120856,240026.1,180608.2,59417.9,0.01,0.7525,1.657,geofabrik_osm_southern_zone highway class,3,2026
G07025,19.829311950469243,156323.1,111473.2,44849.9,0.0272,0.7131,2.262,geofabrik_osm_southern_zone highway class,3,2026
G07015,14.299792704034415,88175.7,73126.6,15049.1,0.0217,0.8293,1.052,geofabrik_osm_southern_zone highway class,3,2026
G07029,17.795351798654334,139573.1,106114.5,33458.6,0.0213,0.7603,1.88,geofabrik_osm_southern_zone highway class,3,2026
M07025,6.1085995172728635,86737.4,59142.9,27594.6,0.1674,0.6819,4.517,geofabrik_osm_southern_zone highway class,3,2026
G07074,19.91656812642369,105075.1,74550.2,30525.0,0.0421,0.7095,1.533,geofabrik_osm_southern_zone highway class,3,2026
G07006,19.379298272854907,148273.6,109992.6,38281.0,0.029,0.7418,1.975,geofabrik_osm_southern_zone highway class,3,2026
G07076,17.8929402220041,115043.3,91063.1,23980.3,0.0255,0.7916,1.34,geofabrik_osm_southern_zone highway class,3,2026
G07001,11.24141895960467,112090.3,90769.8,21320.5,0.0137,0.8098,1.897,geofabrik_osm_southern_zone highway class,3,2026
M07027,8.927664213120893,133286.7,101225.7,32060.9,0.0953,0.7595,3.591,geofabrik_osm_southern_zone highway class,3,2026
G07005,6.916924411030291,76122.9,58906.6,17216.3,0.0075,0.7738,2.489,geofabrik_osm_southern_zone highway class,3,2026
G07037,14.261990063867081,141020.4,108431.6,32588.8,0.0284,0.7689,2.285,geofabrik_osm_southern_zone highway class,3,2026
G07002,22.47727758710841,167525.1,126256.2,41268.9,0.0543,0.7537,1.836,geofabrik_osm_southern_zone highway class,3,2026
G07038,7.252289656771962,62341.7,46099.2,16242.5,0.0192,0.7395,2.24,geofabrik_osm_southern_zone highway class,3,2026
G07036,10.120914203189999,88320.5,66787.5,21533.1,0.0243,0.7562,2.128,geofabrik_osm_southern_zone highway class,3,2026
G07035,12.428106300090795,87915.3,66004.0,21911.3,0.0167,0.7508,1.763,geofabrik_osm_southern_zone highway class,3,2026
G07003,17.762453447434858,63092.3,44293.5,18798.8,0.0106,0.702,1.058,geofabrik_osm_southern_zone highway class,3,2026
G07008,19.177347717809635,180016.8,126468.7,53548.1,0.0429,0.7025,2.792,geofabrik_osm_southern_zone highway class,3,2026
G07009,18.048376655403988,151582.7,120985.5,30597.2,0.0196,0.7981,1.695,geofabrik_osm_southern_zone highway class,3,2026
G07034,8.238756387355787,62760.6,46200.2,16560.5,0.0285,0.7361,2.01,geofabrik_osm_southern_zone highway class,3,2026
G07033,18.306580992788135,136700.3,110535.4,26164.9,0.0253,0.8086,1.429,geofabrik_osm_southern_zone highway class,3,2026
G07032,16.864474880384744,70822.4,41838.7,28983.7,0.1724,0.5908,1.719,geofabrik_osm_southern_zone highway class,3,2026
G07030,16.00609768911282,92590.9,70786.7,21804.2,0.0616,0.7645,1.362,geofabrik_osm_southern_zone highway class,3,2026
G07031,4.233462722560102,53620.9,33883.1,19737.7,0.1556,0.6319,4.662,geofabrik_osm_southern_zone highway class,3,2026
G07007,10.458398892231157,81208.1,62848.7,18359.4,0.0323,0.7739,1.755,geofabrik_osm_southern_zone highway class,3,2026
G07004,9.854186951632766,101700.8,82118.6,19582.2,0.0616,0.8075,1.987,geofabrik_osm_southern_zone highway class,3,2026
M07029,13.060408906863863,102860.0,70412.9,32447.1,0.0717,0.6846,2.484,geofabrik_osm_southern_zone highway class,3,2026
G07027,8.348428177006316,107108.7,88959.4,18149.3,0.0508,0.8306,2.174,geofabrik_osm_southern_zone highway class,3,2026
M07026,37.918255169934135,462901.7,340465.4,122436.3,0.0698,0.7355,3.229,geofabrik_osm_southern_zone highway class,3,2026
M07030,16.078977587004246,224510.8,181241.7,43269.1,0.0274,0.8073,2.691,geofabrik_osm_southern_zone highway class,3,2026
G07028,19.59840934885784,224013.8,187155.3,36858.5,0.0703,0.8355,1.881,geofabrik_osm_southern_zone highway class,3,2026
G07053,27.326597410132166,193812.3,146664.0,47148.3,0.0525,0.7567,1.725,geofabrik_osm_southern_zone highway class,3,2026
G07050,33.61586657403224,204047.1,152989.3,51057.7,0.0593,0.7498,1.519,geofabrik_osm_southern_zone highway class,3,2026
M07031,12.033448835794255,133242.4,105442.3,27800.2,0.0498,0.7914,2.31,geofabrik_osm_southern_zone highway class,3,2026
M07021,28.047436758153694,237358.5,189971.8,47386.7,0.0548,0.8004,1.69,geofabrik_osm_southern_zone highway class,3,2026
G07041,19.798515648616995,121592.0,98538.3,23053.8,0.0349,0.8104,1.164,geofabrik_osm_southern_zone highway class,3,2026
G07039,25.01689187702489,106647.0,75899.1,30748.0,0.0458,0.7117,1.229,geofabrik_osm_southern_zone highway class,3,2026
G07040,9.030301700722484,65401.0,55964.4,9436.6,0.0093,0.8557,1.045,geofabrik_osm_southern_zone highway class,3,2026
G07042,26.31491047363369,114682.1,84581.0,30101.1,0.0791,0.7375,1.144,geofabrik_osm_southern_zone highway class,3,2026
G07044,11.650422126210572,98783.2,69624.2,29159.1,0.0028,0.7048,2.503,geofabrik_osm_southern_zone highway class,3,2026
G07043,21.104339138397588,159849.3,113860.6,45988.7,0.0224,0.7123,2.179,geofabrik_osm_southern_zone highway class,3,2026
G07046,23.216567151841232,122192.9,88787.0,33406.0,0.0456,0.7266,1.439,geofabrik_osm_southern_zone highway class,3,2026
G07045,26.372960177867846,150665.3,104546.5,46118.8,0.0,0.6939,1.749,geofabrik_osm_southern_zone highway class,3,2026
M07066,29.667309998938602,154868.8,105412.9,49456.0,0.0379,0.6807,1.667,geofabrik_osm_southern_zone highway class,3,2026
G07047,26.71359648633131,121244.3,78471.4,42772.9,0.0658,0.6472,1.601,geofabrik_osm_southern_zone highway class,3,2026
G07049,26.446140304009397,164550.9,107628.9,56922.0,0.0526,0.6541,2.152,geofabrik_osm_southern_zone highway class,3,2026
G07048,27.544797349753846,129224.5,81534.6,47689.9,0.1146,0.631,1.731,geofabrik_osm_southern_zone highway class,3,2026
G07052,25.898577780716174,144177.5,88014.2,56163.3,0.1871,0.6105,2.169,geofabrik_osm_southern_zone highway class,3,2026
G07070,21.99413360212017,94284.5,48379.4,45905.1,0.1181,0.5131,2.087,geofabrik_osm_southern_zone highway class,3,2026
G07069,28.931064659651327,117459.8,69416.1,48043.7,0.1033,0.591,1.661,geofabrik_osm_southern_zone highway class,3,2026
G07066,31.173327390189044,140666.0,97324.5,43341.5,0.075,0.6919,1.39,geofabrik_osm_southern_zone highway class,3,2026
M07067,23.86657291792688,150414.6,104883.8,45530.8,0.0849,0.6973,1.908,geofabrik_osm_southern_zone highway class,3,2026
G07068,23.60898819618523,109144.0,52317.4,56826.7,0.1273,0.4793,2.407,geofabrik_osm_southern_zone highway class,3,2026
G07078,30.255146818639048,112654.5,76757.7,35896.8,0.1422,0.6814,1.186,geofabrik_osm_southern_zone highway class,3,2026
G07083,20.8609761535234,109870.6,74975.0,34895.6,0.1485,0.6824,1.673,geofabrik_osm_southern_zone highway class,3,2026
G07064,31.33543176666765,136801.4,86512.0,50289.4,0.1515,0.6324,1.605,geofabrik_osm_southern_zone highway class,3,2026
