admin_id,health_count,health_capacity,health_nearest_m,health_per_km2,education_count,education_capacity,education_nearest_m,education_per_km2,health_per_1000,education_per_1000,social_source,social_source_level,social_data_year
C07003,330.0,890.0,150.5,9.015,247.0,490.8,222.9,4.972,3.244,1.789,geofabrik_osm_southern_zone,3,2026
G06014,0.0,0.0,15216.5,0.0,0.0,0.0,12620.3,0.0,,,geofabrik_osm_southern_zone,3,2026
G07062,4.0,8.0,3803.0,0.016,34.0,56.3,1420.1,0.112,0.323,2.27,geofabrik_osm_southern_zone,3,2026
G07014,0.0,0.0,6017.6,0.0,7.0,11.4,4925.2,0.047,0.0,0.8,geofabrik_osm_southern_zone,3,2026
G07057,2.0,12.0,3575.6,0.169,30.0,63.5,1881.3,0.892,,,geofabrik_osm_southern_zone,3,2026
G07059,4.0,12.0,2042.7,0.326,15.0,26.1,287.8,0.708,0.979,2.129,geofabrik_osm_southern_zone,3,2026
G07056,4.0,20.0,704.6,0.815,14.0,27.5,904.5,1.121,1.598,2.197,geofabrik_osm_southern_zone,3,2026
G07063,6.0,18.5,1267.4,0.618,19.0,35.5,1252.3,1.186,1.369,2.627,geofabrik_osm_southern_zone,3,2026
G07020,10.0,26.5,1706.2,0.458,23.0,37.0,1077.9,0.64,2.418,3.376,geofabrik_osm_southern_zone,3,2026
G07022,1.0,6.0,2130.9,0.198,17.0,30.1,1294.3,0.995,0.205,1.026,geofabrik_osm_southern_zone,3,2026
G07019,2.0,8.0,961.7,0.359,11.0,15.5,808.4,0.696,,,geofabrik_osm_southern_zone,3,2026
G07017,7.0,29.5,383.3,0.81,14.0,22.8,408.3,0.626,,,geofabrik_osm_southern_zone,3,2026
G10095,4.0,10.0,1000.5,0.6,18.0,40.1,162.6,2.408,0.491,1.968,geofabrik_osm_southern_zone,3,2026
G07012,6.0,24.0,357.2,2.31,13.0,24.7,169.5,2.377,1.567,1.613,geofabrik_osm_southern_zone,3,2026
G04010,2.0,12.0,856.2,0.746,13.0,23.4,478.7,1.455,0.527,1.027,geofabrik_osm_southern_zone,3,2026
G07010,3.0,18.0,531.9,0.804,13.0,25.4,1064.5,1.135,0.947,1.336,geofabrik_osm_southern_zone,3,2026
G07013,5.0,20.5,1989.0,0.752,21.0,38.9,477.5,1.426,0.73,1.386,geofabrik_osm_southern_zone,3,2026
G07073,4.0,24.0,1297.6,1.045,21.0,36.8,458.1,1.603,0.78,1.196,geofabrik_osm_southern_zone,3,2026
M07028,10.0,60.0,168.0,2.866,29.0,57.5,36.3,2.747,1.793,1.718,geofabrik_osm_southern_zone,3,2026
G07072,14.0,56.5,500.1,2.465,16.0,32.1,808.3,1.401,1.902,1.081,geofabrik_osm_southern_zone,3,2026
G07075,7.0,18.0,407.9,1.184,17.0,23.6,484.7,1.552,,,geofabrik_osm_southern_zone,3,2026
G07071,6.0,28.0,1246.3,1.681,17.0,24.9,262.0,1.495,0.947,0.842,geofabrik_osm_southern_zone,3,2026
G07023,2.0,12.0,1255.2,0.973,9.0,15.4,256.1,1.249,,,geofabrik_osm_southern_zone,3,2026
M07024,19.0,92.5,551.5,7.785,22.0,47.4,396.6,3.989,3.291,1.686,geofabrik_osm_southern_zone,3,2026
G07021,5.0,26.0,2426.0,0.712,32.0,58.3,527.3,1.596,0.944,2.117,geofabrik_osm_southern_zone,3,2026
G07018,2.0,8.0,1385.5,0.362,18.0,31.5,473.4,1.427,,,geofabrik_osm_southern_zone,3,2026
G07055,8.0,34.5,1269.6,1.205,27.0,51.5,865.6,1.799,,,geofabrik_osm_southern_zone,3,2026
M07023,16.0,64.5,542.4,1.677,45.0,96.9,86.7,2.52,1.661,2.495,geofabrik_osm_southern_zone,3,2026
G07058,8.0,44.0,1091.7,2.135,18.0,28.2,592.4,1.368,2.332,1.495,geofabrik_osm_southern_zone,3,2026
G07061,7.0,23.0,1000.4,1.789,7.0,11.4,532.7,0.887,,,geofabrik_osm_southern_zone,3,2026
G07060,5.0,30.0,450.0,1.531,12.0,21.4,506.5,1.092,1.554,1.108,geofabrik_osm_southern_zone,3,2026
G07054,2.0,12.0,2339.9,0.37,16.0,31.4,1151.8,0.968,,,geofabrik_osm_southern_zone,3,2026
G07080,1.0,6.0,2010.0,0.212,7.0,14.0,2004.4,0.494,0.465,1.084,geofabrik_osm_southern_zone,3,2026
G07081,0.0,0.0,3622.1,0.0,14.0,28.0,587.8,0.995,,,geofabrik_osm_southern_zone,3,2026
G07082,7.0,28.5,766.1,1.25,16.0,30.7,1620.4,1.347,1.662,1.791,geofabrik_osm_southern_zone,3,2026
G07077,7.0,15.0,1297.3,0.761,18.0,45.4,739.4,2.302,,,geofabrik_osm_southern_zone,3,2026
M07022,23.0,97.5,133.0,8.633,25.0,43.5,177.6,3.852,3.208,1.431,geofabrik_osm_southern_zone,3,2026
G07079,6.0,32.0,887.7,1.002,22.0,56.1,153.2,1.756,,,geofabrik_osm_southern_zone,3,2026
G07084,0.0,0.0,3356.2,0.0,23.0,36.3,585.4,1.487,,,geofabrik_osm_southern_zone,3,2026
G07051,4.0,12.0,964.0,0.237,26.0,48.9,1294.7,0.966,0.803,3.272,geofabrik_osm_southern_zone,3,2026
G07026,5.0,30.0,1931.9,0.974,15.0,26.1,1187.1,0.848,1.294,1.126,geofabrik_osm_southern_zone,3,2026
G07024,12.0,49.0,273.3,1.367,23.0,41.5,458.4,1.158,1.499,1.269,geofabrik_osm_southern_zone,3,2026
G07025,8.0,23.5,1417.9,1.185,14.0,26.1,747.5,1.316,1.28,1.422,geofabrik_osm_southern_zone,3,2026
G07015,8.0,39.5,452.6,2.762,14.0,22.8,201.9,1.594,,,geofabrik_osm_southern_zone,3,2026
G07029,4.0,18.5,451.2,1.04,22.0,44.1,395.7,2.478,,,geofabrik_osm_southern_zone,3,2026
M07025,24.0,106.0,219.5,17.353,22.0,48.7,646.6,7.972,4.726,2.171,geofabrik_osm_southern_zone,3,2026
G07074,10.0,40.0,534.5,2.008,21.0,43.4,729.5,2.179,2.434,2.641,geofabrik_osm_southern_zone,3,2026
G07006,7.0,24.5,1088.6,1.264,23.0,48.8,366.7,2.518,0.822,1.637,geofabrik_osm_southern_zone,3,2026
G07076,6.0,28.0,473.4,1.565,16.0,35.4,534.4,1.978,0.839,1.061,geofabrik_osm_southern_zone,3,2026
G07001,4.0,9.0,405.5,0.801,25.0,42.2,336.0,3.754,0.307,1.439,geofabrik_osm_southern_zone,3,2026
M07027,38.0,86.0,95.1,9.633,33.0,64.9,231.3,7.27,2.73,2.06,geofabrik_osm_southern_zone,3,2026
G07005,0.0,0.0,802.0,0.0,10.0,17.4,465.8,2.516,,,geofabrik_osm_southern_zone,3,2026
G07037,14.0,46.5,762.1,3.26,18.0,30.8,411.9,2.16,1.439,0.953,geofabrik_osm_southern_zone,3,2026
G07002,11.0,21.0,699.4,0.934,27.0,48.2,383.8,2.144,0.489,1.123,geofabrik_osm_southern_zone,3,2026
G07038,7.0,25.5,228.4,3.516,11.0,20.1,193.1,2.772,1.069,0.842,geofabrik_osm_southern_zone,3,2026
G07036,11.0,31.0,188.8,3.063,12.0,18.8,332.3,1.858,1.423,0.863,geofabrik_osm_southern_zone,3,2026
G07035,12.0,41.0,348.8,3.299,12.0,22.1,425.6,1.778,1.699,0.916,geofabrik_osm_southern_zone,3,2026
G07003,3.0,14.0,660.8,0.788,11.0,22.7,542.5,1.278,1.295,2.099,geofabrik_osm_southern_zone,3,2026
G07008,8.0,22.5,973.2,1.173,26.0,47.5,429.6,2.477,0.475,1.004,geofabrik_osm_southern_zone,3,2026
G07009,7.0,27.0,87.3,1.496,17.0,24.9,343.6,1.38,0.681,0.628,geofabrik_osm_southern_zone,3,2026
G07034,11.0,46.0,246.3,5.583,11.0,21.4,484.5,2.597,1.936,0.901,geofabrik_osm_southern_zone,3,2026
G07033,4.0,20.0,263.4,1.093,25.0,46.8,428.5,2.556,0.741,1.734,geofabrik_osm_southern_zone,3,2026
G07032,3.0,18.0,661.1,1.067,5.0,6.1,808.1,0.362,0.824,0.279,geofabrik_osm_southern_zone,3,2026
G07030,6.0,26.5,769.9,1.656,14.0,26.1,302.7,1.631,1.626,1.602,geofabrik_osm_southern_zone,3,2026
G07031,3.0,8.5,251.0,2.008,7.0,12.7,110.4,3.0,,,geofabrik_osm_southern_zone,3,2026
G07007,7.0,30.0,434.1,2.869,17.0,32.7,249.3,3.127,1.121,1.222,geofabrik_osm_southern_zone,3,2026
G07004,20.0,50.5,338.0,5.125,22.0,40.2,405.8,4.079,2.455,1.954,geofabrik_osm_southern_zone,3,2026
M07029,5.0,30.0,1383.9,2.297,18.0,36.7,596.4,2.81,0.953,1.166,geofabrik_osm_southern_zone,3,2026
G07027,11.0,26.0,299.2,3.114,14.0,28.7,682.0,3.438,0.602,0.664,geofabrik_osm_southern_zone,3,2026
M07026,53.0,117.5,436.2,3.099,60.0,148.4,987.3,3.914,1.654,2.089,geofabrik_osm_southern_zone,3,2026
M07030,16.0,61.0,966.6,3.794,31.0,60.9,253.7,3.788,,,geofabrik_osm_southern_zone,3,2026
G07028,15.0,49.5,655.2,2.526,32.0,70.8,870.5,3.613,0.636,0.91,geofabrik_osm_southern_zone,3,2026
G07053,11.0,34.0,1081.5,1.244,12.0,17.5,1177.2,0.64,1.486,0.765,geofabrik_osm_southern_zone,3,2026
G07050,11.0,47.0,1696.5,1.398,28.0,51.6,304.7,1.535,,,geofabrik_osm_southern_zone,3,2026
M07031,12.0,51.5,466.2,4.28,15.0,22.2,710.5,1.845,1.152,0.497,geofabrik_osm_southern_zone,3,2026
M07021,77.0,177.5,458.4,6.329,57.0,117.0,381.5,4.172,2.558,1.686,geofabrik_osm_southern_zone,3,2026
G07041,8.0,19.5,413.5,0.985,12.0,30.7,158.5,1.551,0.668,1.052,geofabrik_osm_southern_zone,3,2026
G07039,5.0,26.0,361.0,1.039,9.0,15.4,649.0,0.616,1.742,1.032,geofabrik_osm_southern_zone,3,2026
G07040,5.0,9.5,336.9,1.052,6.0,12.0,358.0,1.329,0.224,0.283,geofabrik_osm_southern_zone,3,2026
G07042,7.0,24.0,1291.0,0.912,30.0,57.0,606.2,2.166,,,geofabrik_osm_southern_zone,3,2026
G07044,5.0,24.5,242.1,2.103,16.0,36.8,585.1,3.159,,,geofabrik_osm_southern_zone,3,2026
G07043,7.0,33.5,891.3,1.587,24.0,42.2,468.8,2.0,1.296,1.632,geofabrik_osm_southern_zone,3,2026
G07046,17.0,59.0,57.2,2.541,10.0,18.7,733.9,0.805,5.195,1.646,geofabrik_osm_southern_zone,3,2026
G07045,2.0,12.0,2154.4,0.455,15.0,25.5,228.3,0.967,1.007,2.141,geofabrik_osm_southern_zone,3,2026
M07066,6.0,36.0,239.8,1.213,31.0,58.2,376.2,1.962,1.322,2.137,geofabrik_osm_southern_zone,3,2026
G07047,6.0,18.5,944.3,0.693,14.0,28.1,862.5,1.052,1.09,1.655,geofabrik_osm_southern_zone,3,2026
G07049,7.0,16.5,1997.5,0.624,37.0,62.4,333.0,2.36,0.651,2.464,geofabrik_osm_southern_zone,3,2026
G07048,18.0,40.0,1453.1,1.452,29.0,49.7,644.2,1.804,,,geofabrik_osm_southern_zone,3,2026
G07052,5.0,30.0,801.5,1.158,5.0,8.1,496.1,0.313,,,geofabrik_osm_southern_zone,3,2026
G07070,0.0,0.0,1962.8,0.0,11.0,19.4,1145.6,0.882,0.0,1.933,geofabrik_osm_southern_zone,3,2026
G07069,5.0,26.0,363.2,0.899,12.0,33.4,860.3,1.154,,,geofabrik_osm_southern_zone,3,2026
G07066,2.0,12.0,1140.1,0.385,10.0,22.1,916.3,0.709,0.682,1.257,geofabrik_osm_southern_zone,3,2026
M07067,24.0,71.5,507.7,2.996,23.0,31.1,555.4,1.303,4.144,1.803,geofabrik_osm_southern_zone,3,2026
G07068,1.0,2.0,2705.9,0.085,11.0,20.1,577.0,0.851,0.149,1.499,geofabrik_osm_southern_zone,3,2026
G07078,3.0,8.5,298.4,0.281,13.0,22.1,167.9,0.73,0.637,1.657,geofabrik_osm_southern_zone,3,2026
G07083,3.0,6.0,960.3,0.288,6.0,9.4,451.8,0.451,,,geofabrik_osm_southern_zone,3,2026
G07064,6.0,31.5,758.5,1.005,14.0,20.2,559.5,0.645,1.91,1.225,geofabrik_osm_southern_zone,3,2026
