admin_id,area_km2,nearest_stop_m,stop_count,trips_total,stop_density_per_km2,trips_per_stop,transit_feed_end_date,transit_feed_months_stale,transit_source,transit_source_level
C07003,98.721,18.5,588.0,20910.0,5.956,35.56,20230325,43,jungle_bus_kochi_gtfs,3
G06014,115.009,52234.4,0.0,0.0,0.0,0.0,20230325,43,jungle_bus_kochi_gtfs,3
G07062,504.119,33636.2,0.0,0.0,0.0,0.0,20230325,43,jungle_bus_kochi_gtfs,3
G07014,243.331,15864.4,0.0,0.0,0.0,0.0,20230325,43,jungle_bus_kochi_gtfs,3
G07057,71.151,28624.4,0.0,0.0,0.0,0.0,20230325,43,jungle_bus_kochi_gtfs,3
G07059,36.863,22421.4,0.0,0.0,0.0,0.0,20230325,43,jungle_bus_kochi_gtfs,3
G07056,24.53,16584.0,0.0,0.0,0.0,0.0,20230325,43,jungle_bus_kochi_gtfs,3
G07063,29.94,12986.8,0.0,0.0,0.0,0.0,20230325,43,jungle_bus_kochi_gtfs,3
G07020,57.82,11259.6,0.0,0.0,0.0,0.0,20230325,43,jungle_bus_kochi_gtfs,3
G07022,30.257,4575.1,0.0,0.0,0.0,0.0,20230325,43,jungle_bus_kochi_gtfs,3
G07019,22.255,5198.0,0.0,0.0,0.0,0.0,20230325,43,jungle_bus_kochi_gtfs,3
G07017,36.402,7827.5,0.0,0.0,0.0,0.0,20230325,43,jungle_bus_kochi_gtfs,3
G10095,16.653,848.9,30.0,86.0,1.801,2.87,20230325,43,jungle_bus_kochi_gtfs,3
G07012,10.392,4921.7,0.0,0.0,0.0,0.0,20230325,43,jungle_bus_kochi_gtfs,3
G04010,16.082,3175.4,0.0,0.0,0.0,0.0,20230325,43,jungle_bus_kochi_gtfs,3
G07010,22.381,6293.0,0.0,0.0,0.0,0.0,20230325,43,jungle_bus_kochi_gtfs,3
G07013,27.276,5713.1,0.0,0.0,0.0,0.0,20230325,43,jungle_bus_kochi_gtfs,3
G07073,22.957,182.1,10.0,12.0,0.436,1.2,20230325,43,jungle_bus_kochi_gtfs,3
M07028,20.934,217.4,61.0,321.0,2.914,5.26,20230325,43,jungle_bus_kochi_gtfs,3
G07072,22.918,689.5,39.0,170.0,1.702,4.36,20230325,43,jungle_bus_kochi_gtfs,3
G07075,15.209,169.4,37.0,84.0,2.433,2.27,20230325,43,jungle_bus_kochi_gtfs,3
G07071,16.653,326.6,68.0,211.0,4.083,3.1,20230325,43,jungle_bus_kochi_gtfs,3
G07023,12.328,564.5,16.0,32.0,1.298,2.0,20230325,43,jungle_bus_kochi_gtfs,3
M07024,11.881,364.6,27.0,162.0,2.273,6.0,20230325,43,jungle_bus_kochi_gtfs,3
G07021,36.529,4642.7,0.0,0.0,0.0,0.0,20230325,43,jungle_bus_kochi_gtfs,3
G07018,22.074,8111.0,0.0,0.0,0.0,0.0,20230325,43,jungle_bus_kochi_gtfs,3
G07055,28.62,12425.0,0.0,0.0,0.0,0.0,20230325,43,jungle_bus_kochi_gtfs,3
M07023,38.456,17128.2,0.0,0.0,0.0,0.0,20230325,43,jungle_bus_kochi_gtfs,3
G07058,20.612,18759.8,0.0,0.0,0.0,0.0,20230325,43,jungle_bus_kochi_gtfs,3
G07061,12.855,23010.5,0.0,0.0,0.0,0.0,20230325,43,jungle_bus_kochi_gtfs,3
G07060,19.599,24106.4,0.0,0.0,0.0,0.0,20230325,43,jungle_bus_kochi_gtfs,3
G07054,32.423,29719.4,0.0,0.0,0.0,0.0,20230325,43,jungle_bus_kochi_gtfs,3
G07080,28.356,24115.1,0.0,0.0,0.0,0.0,20230325,43,jungle_bus_kochi_gtfs,3
G07081,28.148,20885.0,0.0,0.0,0.0,0.0,20230325,43,jungle_bus_kochi_gtfs,3
G07082,22.793,20429.7,0.0,0.0,0.0,0.0,20230325,43,jungle_bus_kochi_gtfs,3
G07077,19.718,16774.6,0.0,0.0,0.0,0.0,20230325,43,jungle_bus_kochi_gtfs,3
M07022,11.293,14814.6,0.0,0.0,0.0,0.0,20230325,43,jungle_bus_kochi_gtfs,3
G07079,31.948,12398.5,0.0,0.0,0.0,0.0,20230325,43,jungle_bus_kochi_gtfs,3
G07084,24.415,10592.7,0.0,0.0,0.0,0.0,20230325,43,jungle_bus_kochi_gtfs,3
G07051,50.633,5939.5,0.0,0.0,0.0,0.0,20230325,43,jungle_bus_kochi_gtfs,3
G07026,30.791,652.3,70.0,370.0,2.273,5.29,20230325,43,jungle_bus_kochi_gtfs,3
G07024,35.849,483.0,72.0,308.0,2.008,4.28,20230325,43,jungle_bus_kochi_gtfs,3
G07025,19.829,1371.8,44.0,160.0,2.219,3.64,20230325,43,jungle_bus_kochi_gtfs,3
G07015,14.3,222.5,29.0,64.0,2.028,2.21,20230325,43,jungle_bus_kochi_gtfs,3
G07029,17.795,151.6,49.0,120.0,2.754,2.45,20230325,43,jungle_bus_kochi_gtfs,3
M07025,6.109,191.7,38.0,1704.0,6.22,44.84,20230325,43,jungle_bus_kochi_gtfs,3
G07074,19.917,494.7,32.0,183.0,1.607,5.72,20230325,43,jungle_bus_kochi_gtfs,3
G07006,19.379,1080.3,27.0,95.0,1.393,3.52,20230325,43,jungle_bus_kochi_gtfs,3
G07076,17.893,1744.0,0.0,0.0,0.0,0.0,20230325,43,jungle_bus_kochi_gtfs,3
G07001,11.241,813.8,32.0,32.0,2.847,1.0,20230325,43,jungle_bus_kochi_gtfs,3
M07027,8.928,180.8,62.0,668.0,6.944,10.77,20230325,43,jungle_bus_kochi_gtfs,3
G07005,6.917,1987.0,0.0,0.0,0.0,0.0,20230325,43,jungle_bus_kochi_gtfs,3
G07037,14.262,421.4,45.0,424.0,3.155,9.42,20230325,43,jungle_bus_kochi_gtfs,3
G07002,22.477,412.3,116.0,758.0,5.161,6.53,20230325,43,jungle_bus_kochi_gtfs,3
G07038,7.252,141.5,14.0,147.0,1.931,10.5,20230325,43,jungle_bus_kochi_gtfs,3
G07036,10.121,241.2,21.0,193.0,2.075,9.19,20230325,43,jungle_bus_kochi_gtfs,3
G07035,12.428,620.1,30.0,219.0,2.414,7.3,20230325,43,jungle_bus_kochi_gtfs,3
G07003,17.762,442.7,53.0,143.0,2.984,2.7,20230325,43,jungle_bus_kochi_gtfs,3
G07008,19.177,430.7,69.0,221.0,3.598,3.2,20230325,43,jungle_bus_kochi_gtfs,3
G07009,18.048,506.0,39.0,427.0,2.161,10.95,20230325,43,jungle_bus_kochi_gtfs,3
G07034,8.239,196.1,21.0,158.0,2.549,7.52,20230325,43,jungle_bus_kochi_gtfs,3
G07033,18.307,280.1,93.0,620.0,5.08,6.67,20230325,43,jungle_bus_kochi_gtfs,3
G07032,16.864,311.4,88.0,247.0,5.218,2.81,20230325,43,jungle_bus_kochi_gtfs,3
G07030,16.006,91.6,64.0,696.0,3.999,10.88,20230325,43,jungle_bus_kochi_gtfs,3
G07031,4.233,75.4,40.0,559.0,9.45,13.98,20230325,43,jungle_bus_kochi_gtfs,3
G07007,10.458,337.0,65.0,440.0,6.215,6.77,20230325,43,jungle_bus_kochi_gtfs,3
G07004,9.854,1671.7,2.0,2.0,0.203,1.0,20230325,43,jungle_bus_kochi_gtfs,3
M07029,13.06,171.7,83.0,934.0,6.355,11.25,20230325,43,jungle_bus_kochi_gtfs,3
G07027,8.348,460.9,22.0,662.0,2.635,30.09,20230325,43,jungle_bus_kochi_gtfs,3
M07026,37.918,137.5,164.0,2814.0,4.325,17.16,20230325,43,jungle_bus_kochi_gtfs,3
M07030,16.079,208.8,54.0,1939.0,3.358,35.91,20230325,43,jungle_bus_kochi_gtfs,3
G07028,19.598,657.5,74.0,572.0,3.776,7.73,20230325,43,jungle_bus_kochi_gtfs,3
G07053,27.327,149.6,53.0,247.0,1.939,4.66,20230325,43,jungle_bus_kochi_gtfs,3
G07050,33.616,198.4,82.0,568.0,2.439,6.93,20230325,43,jungle_bus_kochi_gtfs,3
M07031,12.033,423.4,26.0,447.0,2.161,17.19,20230325,43,jungle_bus_kochi_gtfs,3
M07021,28.047,414.2,107.0,3357.0,3.815,31.37,20230325,43,jungle_bus_kochi_gtfs,3
G07041,19.799,135.2,80.0,585.0,4.041,7.31,20230325,43,jungle_bus_kochi_gtfs,3
G07039,25.017,298.5,77.0,1071.0,3.078,13.91,20230325,43,jungle_bus_kochi_gtfs,3
G07040,9.03,324.1,40.0,440.0,4.43,11.0,20230325,43,jungle_bus_kochi_gtfs,3
G07042,26.315,558.3,57.0,1089.0,2.166,19.11,20230325,43,jungle_bus_kochi_gtfs,3
G07044,11.65,247.3,15.0,244.0,1.288,16.27,20230325,43,jungle_bus_kochi_gtfs,3
G07043,21.104,416.9,42.0,131.0,1.99,3.12,20230325,43,jungle_bus_kochi_gtfs,3
G07046,23.217,2573.9,0.0,0.0,0.0,0.0,20230325,43,jungle_bus_kochi_gtfs,3
G07045,26.373,2051.8,13.0,27.0,0.493,2.08,20230325,43,jungle_bus_kochi_gtfs,3
M07066,29.667,375.4,13.0,98.0,0.438,7.54,20230325,43,jungle_bus_kochi_gtfs,3
G07047,26.714,907.4,40.0,114.0,1.497,2.85,20230325,43,jungle_bus_kochi_gtfs,3
G07049,26.446,293.2,36.0,104.0,1.361,2.89,20230325,43,jungle_bus_kochi_gtfs,3
G07048,27.545,3929.9,0.0,0.0,0.0,0.0,20230325,43,jungle_bus_kochi_gtfs,3
G07052,25.899,2261.4,28.0,32.0,1.081,1.14,20230325,43,jungle_bus_kochi_gtfs,3
G07070,21.994,4830.5,0.0,0.0,0.0,0.0,20230325,43,jungle_bus_kochi_gtfs,3
G07069,28.931,5196.8,0.0,0.0,0.0,0.0,20230325,43,jungle_bus_kochi_gtfs,3
G07066,31.173,7633.8,0.0,0.0,0.0,0.0,20230325,43,jungle_bus_kochi_gtfs,3
M07067,23.867,10174.3,0.0,0.0,0.0,0.0,20230325,43,jungle_bus_kochi_gtfs,3
G07068,23.609,13471.3,0.0,0.0,0.0,0.0,20230325,43,jungle_bus_kochi_gtfs,3
G07078,30.255,13699.3,0.0,0.0,0.0,0.0,20230325,43,jungle_bus_kochi_gtfs,3
G07083,20.861,11168.1,0.0,0.0,0.0,0.0,20230325,43,jungle_bus_kochi_gtfs,3
G07064,31.335,7662.3,0.0,0.0,0.0,0.0,20230325,43,jungle_bus_kochi_gtfs,3
