admin_id,water_area_share,water_distance_m,water_source,water_source_level,water_data_year
C07003,0.21391,311.3,geofabrik_osm_southern_zone,3,2026
G06014,0.0,8070.4,geofabrik_osm_southern_zone,3,2026
G07062,0.06468,1291.3,geofabrik_osm_southern_zone,3,2026
G07014,0.01122,4241.4,geofabrik_osm_southern_zone,3,2026
G07057,0.00875,990.2,geofabrik_osm_southern_zone,3,2026
G07059,0.05853,336.0,geofabrik_osm_southern_zone,3,2026
G07056,0.02184,371.0,geofabrik_osm_southern_zone,3,2026
G07063,0.00174,933.2,geofabrik_osm_southern_zone,3,2026
G07020,0.06957,791.8,geofabrik_osm_southern_zone,3,2026
G07022,0.05462,633.4,geofabrik_osm_southern_zone,3,2026
G07019,0.0183,386.2,geofabrik_osm_southern_zone,3,2026
G07017,0.03296,54.6,geofabrik_osm_southern_zone,3,2026
G10095,0.01694,130.5,geofabrik_osm_southern_zone,3,2026
G07012,0.00202,259.2,geofabrik_osm_southern_zone,3,2026
G04010,0.00183,768.0,geofabrik_osm_southern_zone,3,2026
G07010,0.00332,486.8,geofabrik_osm_southern_zone,3,2026
G07013,0.00717,782.8,geofabrik_osm_southern_zone,3,2026
G07073,0.0331,294.0,geofabrik_osm_southern_zone,3,2026
M07028,0.01892,687.4,geofabrik_osm_southern_zone,3,2026
G07072,0.00831,79.1,geofabrik_osm_southern_zone,3,2026
G07075,0.03384,559.8,geofabrik_osm_southern_zone,3,2026
G07071,0.05411,416.7,geofabrik_osm_southern_zone,3,2026
G07023,0.09735,437.1,geofabrik_osm_southern_zone,3,2026
M07024,0.01693,224.5,geofabrik_osm_southern_zone,3,2026
G07021,0.00224,570.6,geofabrik_osm_southern_zone,3,2026
G07018,0.00214,216.3,geofabrik_osm_southern_zone,3,2026
G07055,0.0042,184.0,geofabrik_osm_southern_zone,3,2026
M07023,0.00506,380.4,geofabrik_osm_southern_zone,3,2026
G07058,0.01566,528.8,geofabrik_osm_southern_zone,3,2026
G07061,0.00061,171.0,geofabrik_osm_southern_zone,3,2026
G07060,0.00997,506.1,geofabrik_osm_southern_zone,3,2026
G07054,0.00865,385.0,geofabrik_osm_southern_zone,3,2026
G07080,0.00222,1167.1,geofabrik_osm_southern_zone,3,2026
G07081,0.02179,597.3,geofabrik_osm_southern_zone,3,2026
G07082,0.00963,775.6,geofabrik_osm_southern_zone,3,2026
G07077,0.01899,512.6,geofabrik_osm_southern_zone,3,2026
M07022,0.04666,64.1,geofabrik_osm_southern_zone,3,2026
G07079,0.00506,1006.2,geofabrik_osm_southern_zone,3,2026
G07084,0.02258,121.2,geofabrik_osm_southern_zone,3,2026
G07051,0.00344,699.1,geofabrik_osm_southern_zone,3,2026
G07026,0.00121,1236.9,geofabrik_osm_southern_zone,3,2026
G07024,0.00145,284.8,geofabrik_osm_southern_zone,3,2026
G07025,0.0525,1041.6,geofabrik_osm_southern_zone,3,2026
G07015,0.06885,60.2,geofabrik_osm_southern_zone,3,2026
G07029,0.08498,503.1,geofabrik_osm_southern_zone,3,2026
M07025,0.13407,83.2,geofabrik_osm_southern_zone,3,2026
G07074,0.05914,485.7,geofabrik_osm_southern_zone,3,2026
G07006,0.10789,156.8,geofabrik_osm_southern_zone,3,2026
G07076,0.13491,491.4,geofabrik_osm_southern_zone,3,2026
G07001,0.16311,303.4,geofabrik_osm_southern_zone,3,2026
M07027,0.02784,234.1,geofabrik_osm_southern_zone,3,2026
G07005,0.08371,154.2,geofabrik_osm_southern_zone,3,2026
G07037,0.30428,347.3,geofabrik_osm_southern_zone,3,2026
G07002,0.22334,128.2,geofabrik_osm_southern_zone,3,2026
G07038,0.52557,8.9,geofabrik_osm_southern_zone,3,2026
G07036,0.46837,356.9,geofabrik_osm_southern_zone,3,2026
G07035,0.55756,146.9,geofabrik_osm_southern_zone,3,2026
G07003,0.65246,11.4,geofabrik_osm_southern_zone,3,2026
G07008,0.01787,40.6,geofabrik_osm_southern_zone,3,2026
G07009,0.0333,591.6,geofabrik_osm_southern_zone,3,2026
G07034,0.4806,141.2,geofabrik_osm_southern_zone,3,2026
G07033,0.25077,211.3,geofabrik_osm_southern_zone,3,2026
G07032,0.64847,0.0,geofabrik_osm_southern_zone,3,2026
G07030,0.4867,0.0,geofabrik_osm_southern_zone,3,2026
G07031,0.09715,448.6,geofabrik_osm_southern_zone,3,2026
G07007,0.33181,223.9,geofabrik_osm_southern_zone,3,2026
G07004,0.15428,18.9,geofabrik_osm_southern_zone,3,2026
M07029,0.0809,388.8,geofabrik_osm_southern_zone,3,2026
G07027,0.04462,598.8,geofabrik_osm_southern_zone,3,2026
M07026,0.00731,450.2,geofabrik_osm_southern_zone,3,2026
M07030,0.02138,339.4,geofabrik_osm_southern_zone,3,2026
G07028,0.00138,625.7,geofabrik_osm_southern_zone,3,2026
G07053,0.00579,373.3,geofabrik_osm_southern_zone,3,2026
G07050,0.03836,344.2,geofabrik_osm_southern_zone,3,2026
M07031,0.15195,0.0,geofabrik_osm_southern_zone,3,2026
M07021,0.04963,10.3,geofabrik_osm_southern_zone,3,2026
G07041,0.52346,107.8,geofabrik_osm_southern_zone,3,2026
G07039,0.48645,0.0,geofabrik_osm_southern_zone,3,2026
G07040,0.40266,2.2,geofabrik_osm_southern_zone,3,2026
G07042,0.38806,81.2,geofabrik_osm_southern_zone,3,2026
G07044,0.00293,404.2,geofabrik_osm_southern_zone,3,2026
G07043,0.00401,531.4,geofabrik_osm_southern_zone,3,2026
G07046,0.02882,355.8,geofabrik_osm_southern_zone,3,2026
G07045,0.00029,595.3,geofabrik_osm_southern_zone,3,2026
M07066,0.04537,189.9,geofabrik_osm_southern_zone,3,2026
G07047,0.01709,170.3,geofabrik_osm_southern_zone,3,2026
G07049,0.00235,155.4,geofabrik_osm_southern_zone,3,2026
G07048,0.01382,200.1,geofabrik_osm_southern_zone,3,2026
G07052,0.0041,361.0,geofabrik_osm_southern_zone,3,2026
G07070,0.04258,630.6,geofabrik_osm_southern_zone,3,2026
G07069,0.00308,204.3,geofabrik_osm_southern_zone,3,2026
G07066,0.00545,625.1,geofabrik_osm_southern_zone,3,2026
M07067,0.00252,190.8,geofabrik_osm_southern_zone,3,2026
G07068,0.00102,1546.7,geofabrik_osm_southern_zone,3,2026
G07078,0.01625,346.4,geofabrik_osm_southern_zone,3,2026
G07083,0.0288,442.8,geofabrik_osm_southern_zone,3,2026
G07064,0.00038,620.2,geofabrik_osm_southern_zone,3,2026
